
=============== 1. Reset stack ===============
 pub Pulling 
 sub Pulling 
 0c4d12928c8b Pulling fs layer 
 334e16b2a68c Pulling fs layer 
 b266f5de3807 Pulling fs layer 
 a9986cd6f37d Pulling fs layer 
 571d921d3454 Pulling fs layer 
 87e7bc91b13b Pulling fs layer 
 363a00f0fb05 Pulling fs layer 
 2561c1a92c32 Pulling fs layer 
 17bc19c5b6b3 Pulling fs layer 
 ba4c01c41a64 Pulling fs layer 
 363a00f0fb05 Pulling fs layer 
 a9986cd6f37d Pulling fs layer 
 b266f5de3807 Pulling fs layer 
 17bc19c5b6b3 Pulling fs layer 
 571d921d3454 Pulling fs layer 
 87e7bc91b13b Pulling fs layer 
 ba4c01c41a64 Pulling fs layer 
 2561c1a92c32 Pulling fs layer 
 0c4d12928c8b Pulling fs layer 
 334e16b2a68c Pulling fs layer 
 0c4d12928c8b Downloading [==================================================>]     968B/968B
 334e16b2a68c Downloading [==================================================>]  853.4kB/853.4kB
 334e16b2a68c Downloading [==================================================>]  853.4kB/853.4kB
 0c4d12928c8b Downloading [==================================================>]     968B/968B
 17bc19c5b6b3 Downloading [==================================================>]     128B/128B
 334e16b2a68c Downloading [==================================================>]  853.4kB/853.4kB
 363a00f0fb05 Downloading [==================================================>]     184B/184B
 0c4d12928c8b Downloading [==================================================>]     968B/968B
 571d921d3454 Downloading [==================================================>]     168B/168B
 334e16b2a68c Downloading [==================================================>]  853.4kB/853.4kB
 ba4c01c41a64 Downloading [==================================================>]  6.113kB/6.113kB
 363a00f0fb05 Downloading [==================================================>]     184B/184B
 571d921d3454 Downloading [==================================================>]     168B/168B
 17bc19c5b6b3 Downloading [==================================================>]     128B/128B
 0c4d12928c8b Downloading [==================================================>]     968B/968B
 ba4c01c41a64 Downloading [==================================================>]  6.113kB/6.113kB
 571d921d3454 Downloading [==================================================>]     168B/168B
 17bc19c5b6b3 Downloading [==================================================>]     128B/128B
 0c4d12928c8b Downloading [==================================================>]     968B/968B
 334e16b2a68c Downloading [==================================================>]  853.4kB/853.4kB
 ba4c01c41a64 Downloading [==================================================>]  6.113kB/6.113kB
 363a00f0fb05 Downloading [==================================================>]     184B/184B
 334e16b2a68c Downloading [==================================================>]  853.4kB/853.4kB
 363a00f0fb05 Downloading [==================================================>]     184B/184B
 571d921d3454 Downloading [==================================================>]     168B/168B
 0c4d12928c8b Downloading [==================================================>]     968B/968B
 ba4c01c41a64 Downloading [==================================================>]  6.113kB/6.113kB
 17bc19c5b6b3 Downloading [==================================================>]     128B/128B
 571d921d3454 Downloading [==================================================>]     168B/168B
 17bc19c5b6b3 Downloading [==================================================>]     128B/128B
 b266f5de3807 Downloading [==================================================>]     10kB/10kB
 0c4d12928c8b Downloading [==================================================>]     968B/968B
 334e16b2a68c Downloading [==================================================>]  853.4kB/853.4kB
 87e7bc91b13b Downloading [==================================================>]     116B/116B
 ba4c01c41a64 Downloading [==================================================>]  6.113kB/6.113kB
 363a00f0fb05 Downloading [==================================================>]     184B/184B
 b266f5de3807 Downloading [==================================================>]     10kB/10kB
 87e7bc91b13b Downloading [==================================================>]     116B/116B
 363a00f0fb05 Downloading [==================================================>]     184B/184B
 571d921d3454 Downloading [==================================================>]     168B/168B
 0c4d12928c8b Downloading [==================================================>]     968B/968B
 334e16b2a68c Downloading [==================================================>]  853.4kB/853.4kB
 ba4c01c41a64 Downloading [==================================================>]  6.113kB/6.113kB
 17bc19c5b6b3 Downloading [==================================================>]     128B/128B
 b266f5de3807 Downloading [==================================================>]     10kB/10kB
 0c4d12928c8b Downloading [==================================================>]     968B/968B
 334e16b2a68c Downloading [==================================================>]  853.4kB/853.4kB
 87e7bc91b13b Downloading [==================================================>]     116B/116B
 ba4c01c41a64 Downloading [==================================================>]  6.113kB/6.113kB
 2561c1a92c32 Downloading [>                                                  ]  1.049MB/110MB
 363a00f0fb05 Downloading [==================================================>]     184B/184B
 17bc19c5b6b3 Downloading [==================================================>]     128B/128B
 571d921d3454 Downloading [==================================================>]     168B/168B
 17bc19c5b6b3 Downloading [==================================================>]     128B/128B
 0c4d12928c8b Downloading [==================================================>]     968B/968B
 334e16b2a68c Downloading [==================================================>]  853.4kB/853.4kB
 b266f5de3807 Downloading [==================================================>]     10kB/10kB
 87e7bc91b13b Downloading [==================================================>]     116B/116B
 363a00f0fb05 Downloading [==================================================>]     184B/184B
 2561c1a92c32 Downloading [>                                                  ]  1.049MB/110MB
 571d921d3454 Downloading [==================================================>]     168B/168B
 ba4c01c41a64 Downloading [==================================================>]  6.113kB/6.113kB
 ba4c01c41a64 Downloading [==================================================>]  6.113kB/6.113kB
 2561c1a92c32 Downloading [>                                                  ]  1.049MB/110MB
 363a00f0fb05 Downloading [==================================================>]     184B/184B
 b266f5de3807 Downloading [==================================================>]     10kB/10kB
 0c4d12928c8b Downloading [==================================================>]     968B/968B
 334e16b2a68c Downloading [==================================================>]  853.4kB/853.4kB
 87e7bc91b13b Downloading [==================================================>]     116B/116B
 17bc19c5b6b3 Downloading [==================================================>]     128B/128B
 571d921d3454 Downloading [==================================================>]     168B/168B
 17bc19c5b6b3 Downloading [==================================================>]     128B/128B
 87e7bc91b13b Downloading [==================================================>]     116B/116B
 363a00f0fb05 Downloading [==================================================>]     184B/184B
 2561c1a92c32 Downloading [>                                                  ]  1.049MB/110MB
 571d921d3454 Downloading [==================================================>]     168B/168B
 0c4d12928c8b Downloading [==================================================>]     968B/968B
 334e16b2a68c Downloading [==================================================>]  853.4kB/853.4kB
 b266f5de3807 Downloading [==================================================>]     10kB/10kB
 ba4c01c41a64 Downloading [==================================================>]  6.113kB/6.113kB
 17bc19c5b6b3 Downloading [==================================================>]     128B/128B
 571d921d3454 Downloading [==================================================>]     168B/168B
 0c4d12928c8b Downloading [==================================================>]     968B/968B
 334e16b2a68c Downloading [==================================================>]  853.4kB/853.4kB
 87e7bc91b13b Downloading [==================================================>]     116B/116B
 ba4c01c41a64 Downloading [==================================================>]  6.113kB/6.113kB
 2561c1a92c32 Downloading [>                                                  ]  2.097MB/110MB
 363a00f0fb05 Downloading [==================================================>]     184B/184B
 b266f5de3807 Downloading [==================================================>]     10kB/10kB
 17bc19c5b6b3 Downloading [==================================================>]     128B/128B
 b266f5de3807 Downloading [==================================================>]     10kB/10kB
 87e7bc91b13b Downloading [==================================================>]     116B/116B
 363a00f0fb05 Downloading [==================================================>]     184B/184B
 2561c1a92c32 Downloading [>                                                  ]  2.097MB/110MB
 571d921d3454 Downloading [==================================================>]     168B/168B
 0c4d12928c8b Downloading [==================================================>]     968B/968B
 334e16b2a68c Downloading [==================================================>]  853.4kB/853.4kB
 ba4c01c41a64 Downloading [==================================================>]  6.113kB/6.113kB
 17bc19c5b6b3 Downloading [==================================================>]     128B/128B
 571d921d3454 Downloading [==================================================>]     168B/168B
 ba4c01c41a64 Downloading [==================================================>]  6.113kB/6.113kB
 2561c1a92c32 Downloading [>                                                  ]  2.097MB/110MB
 363a00f0fb05 Downloading [==================================================>]     184B/184B
 a9986cd6f37d Downloading [============>                                      ]  1.049MB/4.188MB
 b266f5de3807 Downloading [==================================================>]     10kB/10kB
 0c4d12928c8b Downloading [==================================================>]     968B/968B
 334e16b2a68c Downloading [==================================================>]  853.4kB/853.4kB
 87e7bc91b13b Downloading [==================================================>]     116B/116B
 b266f5de3807 Downloading [==================================================>]     10kB/10kB
 87e7bc91b13b Downloading [==================================================>]     116B/116B
 363a00f0fb05 Downloading [==================================================>]     184B/184B
 2561c1a92c32 Downloading [>                                                  ]  2.097MB/110MB
 571d921d3454 Downloading [==================================================>]     168B/168B
 0c4d12928c8b Downloading [==================================================>]     968B/968B
 a9986cd6f37d Downloading [============>                                      ]  1.049MB/4.188MB
 334e16b2a68c Downloading [==================================================>]  853.4kB/853.4kB
 ba4c01c41a64 Downloading [==================================================>]  6.113kB/6.113kB
 17bc19c5b6b3 Downloading [==================================================>]     128B/128B
 571d921d3454 Downloading [==================================================>]     168B/168B
 17bc19c5b6b3 Downloading [==================================================>]     128B/128B
 a9986cd6f37d Downloading [============>                                      ]  1.049MB/4.188MB
 b266f5de3807 Downloading [==================================================>]     10kB/10kB
 0c4d12928c8b Downloading [==================================================>]     968B/968B
 334e16b2a68c Downloading [==================================================>]  853.4kB/853.4kB
 87e7bc91b13b Downloading [==================================================>]     116B/116B
 ba4c01c41a64 Downloading [==================================================>]  6.113kB/6.113kB
 2561c1a92c32 Downloading [>                                                  ]  2.097MB/110MB
 363a00f0fb05 Downloading [==================================================>]     184B/184B
 17bc19c5b6b3 Downloading [==================================================>]     128B/128B
 334e16b2a68c Downloading [==================================================>]  853.4kB/853.4kB
 b266f5de3807 Downloading [==================================================>]     10kB/10kB
 87e7bc91b13b Downloading [==================================================>]     116B/116B
 363a00f0fb05 Downloading [==================================================>]     184B/184B
 2561c1a92c32 Downloading [>                                                  ]  2.097MB/110MB
 571d921d3454 Downloading [==================================================>]     168B/168B
 0c4d12928c8b Downloading [==================================================>]     968B/968B
 a9986cd6f37d Downloading [============>                                      ]  1.049MB/4.188MB
 ba4c01c41a64 Downloading [==================================================>]  6.113kB/6.113kB
 17bc19c5b6b3 Downloading [==================================================>]     128B/128B
 b266f5de3807 Downloading [==================================================>]     10kB/10kB
 87e7bc91b13b Downloading [==================================================>]     116B/116B
 363a00f0fb05 Downloading [==================================================>]     184B/184B
 2561c1a92c32 Downloading [=>                                                 ]  3.146MB/110MB
 571d921d3454 Downloading [==================================================>]     168B/168B
 0c4d12928c8b Downloading [==================================================>]     968B/968B
 a9986cd6f37d Downloading [============>                                      ]  1.049MB/4.188MB
 334e16b2a68c Downloading [==================================================>]  853.4kB/853.4kB
 ba4c01c41a64 Downloading [==================================================>]  6.113kB/6.113kB
 571d921d3454 Downloading [==================================================>]     168B/168B
 17bc19c5b6b3 Downloading [==================================================>]     128B/128B
 a9986cd6f37d Downloading [============>                                      ]  1.049MB/4.188MB
 b266f5de3807 Downloading [==================================================>]     10kB/10kB
 0c4d12928c8b Downloading [==================================================>]     968B/968B
 334e16b2a68c Downloading [==================================================>]  853.4kB/853.4kB
 87e7bc91b13b Downloading [==================================================>]     116B/116B
 ba4c01c41a64 Downloading [==================================================>]  6.113kB/6.113kB
 2561c1a92c32 Downloading [=>                                                 ]  3.146MB/110MB
 363a00f0fb05 Downloading [==================================================>]     184B/184B
 2561c1a92c32 Downloading [=>                                                 ]  3.146MB/110MB
 363a00f0fb05 Downloading [==================================================>]     184B/184B
 a9986cd6f37d Downloading [============>                                      ]  1.049MB/4.188MB
 b266f5de3807 Downloading [==================================================>]     10kB/10kB
 0c4d12928c8b Downloading [==================================================>]     968B/968B
 334e16b2a68c Downloading [==================================================>]  853.4kB/853.4kB
 87e7bc91b13b Downloading [==================================================>]     116B/116B
 ba4c01c41a64 Downloading [==================================================>]  6.113kB/6.113kB
 17bc19c5b6b3 Downloading [==================================================>]     128B/128B
 571d921d3454 Downloading [==================================================>]     168B/168B
 17bc19c5b6b3 Downloading [==================================================>]     128B/128B
 b266f5de3807 Downloading [==================================================>]     10kB/10kB
 87e7bc91b13b Downloading [==================================================>]     116B/116B
 363a00f0fb05 Downloading [==================================================>]     184B/184B
 2561c1a92c32 Downloading [=>                                                 ]  3.146MB/110MB
 571d921d3454 Downloading [==================================================>]     168B/168B
 0c4d12928c8b Downloading [==================================================>]     968B/968B
 a9986cd6f37d Downloading [============>                                      ]  1.049MB/4.188MB
 334e16b2a68c Downloading [==================================================>]  853.4kB/853.4kB
 ba4c01c41a64 Downloading [==================================================>]  6.113kB/6.113kB
 571d921d3454 Downloading [==================================================>]     168B/168B
 17bc19c5b6b3 Downloading [==================================================>]     128B/128B
 a9986cd6f37d Downloading [============>                                      ]  1.049MB/4.188MB
 b266f5de3807 Downloading [==================================================>]     10kB/10kB
 0c4d12928c8b Downloading [==================================================>]     968B/968B
 334e16b2a68c Downloading [==================================================>]  853.4kB/853.4kB
 87e7bc91b13b Downloading [==================================================>]     116B/116B
 ba4c01c41a64 Downloading [==================================================>]  6.113kB/6.113kB
 2561c1a92c32 Downloading [=>                                                 ]  4.194MB/110MB
 363a00f0fb05 Downloading [==================================================>]     184B/184B
 17bc19c5b6b3 Downloading [==================================================>]     128B/128B
 0c4d12928c8b Downloading [==================================================>]     968B/968B
 a9986cd6f37d Downloading [============>                                      ]  1.049MB/4.188MB
 334e16b2a68c Downloading [==================================================>]  853.4kB/853.4kB
 b266f5de3807 Downloading [==================================================>]     10kB/10kB
 87e7bc91b13b Downloading [==================================================>]     116B/116B
 363a00f0fb05 Downloading [==================================================>]     184B/184B
 2561c1a92c32 Downloading [=>                                                 ]  4.194MB/110MB
 571d921d3454 Downloading [==================================================>]     168B/168B
 ba4c01c41a64 Downloading [==================================================>]  6.113kB/6.113kB
 0c4d12928c8b Downloading [==================================================>]     968B/968B
 a9986cd6f37d Downloading [============>                                      ]  1.049MB/4.188MB
 334e16b2a68c Downloading [==================================================>]  853.4kB/853.4kB
 b266f5de3807 Downloading [==================================================>]     10kB/10kB
 17bc19c5b6b3 Downloading [==================================================>]     128B/128B
 87e7bc91b13b Downloading [==================================================>]     116B/116B
 571d921d3454 Downloading [==================================================>]     168B/168B
 363a00f0fb05 Downloading [==================================================>]     184B/184B
 363a00f0fb05 Downloading [==================================================>]     184B/184B
 2561c1a92c32 Downloading [=>                                                 ]  4.194MB/110MB
 a9986cd6f37d Downloading [============>                                      ]  1.049MB/4.188MB
 571d921d3454 Downloading [==================================================>]     168B/168B
 b266f5de3807 Downloading [==================================================>]     10kB/10kB
 0c4d12928c8b Downloading [==================================================>]     968B/968B
 ba4c01c41a64 Downloading [==================================================>]  6.113kB/6.113kB
 334e16b2a68c Downloading [==================================================>]  853.4kB/853.4kB
 17bc19c5b6b3 Downloading [==================================================>]     128B/128B
 87e7bc91b13b Downloading [==================================================>]     116B/116B
 ba4c01c41a64 Downloading [==================================================>]  6.113kB/6.113kB
 2561c1a92c32 Downloading [=>                                                 ]  4.194MB/110MB
 17bc19c5b6b3 Downloading [==================================================>]     128B/128B
 571d921d3454 Downloading [==================================================>]     168B/168B
 b266f5de3807 Downloading [==================================================>]     10kB/10kB
 0c4d12928c8b Downloading [==================================================>]     968B/968B
 334e16b2a68c Downloading [==================================================>]  853.4kB/853.4kB
 87e7bc91b13b Downloading [==================================================>]     116B/116B
 ba4c01c41a64 Downloading [==================================================>]  6.113kB/6.113kB
 2561c1a92c32 Downloading [==>                                                ]  5.243MB/110MB
 363a00f0fb05 Downloading [==================================================>]     184B/184B
 a9986cd6f37d Downloading [============>                                      ]  1.049MB/4.188MB
 0c4d12928c8b Downloading [==================================================>]     968B/968B
 a9986cd6f37d Downloading [==============>                                    ]  1.212MB/4.188MB
 334e16b2a68c Downloading [==================================================>]  853.4kB/853.4kB
 b266f5de3807 Downloading [==================================================>]     10kB/10kB
 87e7bc91b13b Downloading [==================================================>]     116B/116B
 363a00f0fb05 Downloading [==================================================>]     184B/184B
 2561c1a92c32 Downloading [==>                                                ]  5.243MB/110MB
 571d921d3454 Downloading [==================================================>]     168B/168B
 ba4c01c41a64 Downloading [==================================================>]  6.113kB/6.113kB
 17bc19c5b6b3 Downloading [==================================================>]     128B/128B
 334e16b2a68c Downloading [==================================================>]  853.4kB/853.4kB
 87e7bc91b13b Downloading [==================================================>]     116B/116B
 ba4c01c41a64 Downloading [==================================================>]  6.113kB/6.113kB
 2561c1a92c32 Downloading [==>                                                ]  5.243MB/110MB
 363a00f0fb05 Downloading [==================================================>]     184B/184B
 a9986cd6f37d Downloading [=========================>                         ]  2.097MB/4.188MB
 b266f5de3807 Downloading [==================================================>]     10kB/10kB
 0c4d12928c8b Downloading [==================================================>]     968B/968B
 17bc19c5b6b3 Downloading [==================================================>]     128B/128B
 571d921d3454 Downloading [==================================================>]     168B/168B
 87e7bc91b13b Downloading [==================================================>]     116B/116B
 363a00f0fb05 Downloading [==================================================>]     184B/184B
 2561c1a92c32 Downloading [==>                                                ]  5.243MB/110MB
 571d921d3454 Downloading [==================================================>]     168B/168B
 0c4d12928c8b Downloading [==================================================>]     968B/968B
 a9986cd6f37d Downloading [=========================>                         ]  2.097MB/4.188MB
 334e16b2a68c Downloading [==================================================>]  853.4kB/853.4kB
 b266f5de3807 Downloading [==================================================>]     10kB/10kB
 ba4c01c41a64 Downloading [==================================================>]  6.113kB/6.113kB
 17bc19c5b6b3 Downloading [==================================================>]     128B/128B
 17bc19c5b6b3 Downloading [==================================================>]     128B/128B
 571d921d3454 Downloading [==================================================>]     168B/168B
 0c4d12928c8b Downloading [==================================================>]     968B/968B
 334e16b2a68c Downloading [==================================================>]  853.4kB/853.4kB
 87e7bc91b13b Downloading [==================================================>]     116B/116B
 ba4c01c41a64 Downloading [==================================================>]  6.113kB/6.113kB
 2561c1a92c32 Downloading [==>                                                ]  6.291MB/110MB
 363a00f0fb05 Downloading [==================================================>]     184B/184B
 a9986cd6f37d Downloading [=========================>                         ]  2.097MB/4.188MB
 b266f5de3807 Downloading [==================================================>]     10kB/10kB
 a9986cd6f37d Downloading [=========================>                         ]  2.097MB/4.188MB
 334e16b2a68c Downloading [==================================================>]  853.4kB/853.4kB
 b266f5de3807 Downloading [==================================================>]     10kB/10kB
 87e7bc91b13b Downloading [==================================================>]     116B/116B
 363a00f0fb05 Downloading [==================================================>]     184B/184B
 2561c1a92c32 Downloading [==>                                                ]  6.291MB/110MB
 571d921d3454 Downloading [==================================================>]     168B/168B
 0c4d12928c8b Downloading [==================================================>]     968B/968B
 ba4c01c41a64 Downloading [==================================================>]  6.113kB/6.113kB
 17bc19c5b6b3 Downloading [==================================================>]     128B/128B
 17bc19c5b6b3 Downloading [==================================================>]     128B/128B
 b266f5de3807 Downloading [==================================================>]     10kB/10kB
 87e7bc91b13b Downloading [==================================================>]     116B/116B
 363a00f0fb05 Downloading [==================================================>]     184B/184B
 87e7bc91b13b Downloading [==================================================>]     116B/116B
 2561c1a92c32 Downloading [==>                                                ]  6.291MB/110MB
 ba4c01c41a64 Downloading [==================================================>]  6.113kB/6.113kB
 571d921d3454 Downloading [==================================================>]     168B/168B
 2561c1a92c32 Downloading [==>                                                ]  6.291MB/110MB
 0c4d12928c8b Downloading [==================================================>]     968B/968B
 363a00f0fb05 Downloading [==================================================>]     184B/184B
 a9986cd6f37d Downloading [=========================>                         ]  2.097MB/4.188MB
 b266f5de3807 Downloading [==================================================>]     10kB/10kB
 0c4d12928c8b Downloading [==================================================>]     968B/968B
 334e16b2a68c Downloading [==================================================>]  853.4kB/853.4kB
 a9986cd6f37d Downloading [=========================>                         ]  2.097MB/4.188MB
 17bc19c5b6b3 Downloading [==================================================>]     128B/128B
 334e16b2a68c Downloading [==================================================>]  853.4kB/853.4kB
 571d921d3454 Downloading [==================================================>]     168B/168B
 ba4c01c41a64 Downloading [==================================================>]  6.113kB/6.113kB
 334e16b2a68c Downloading [==================================================>]  853.4kB/853.4kB
 87e7bc91b13b Downloading [==================================================>]     116B/116B
 ba4c01c41a64 Downloading [==================================================>]  6.113kB/6.113kB
 2561c1a92c32 Downloading [===>                                               ]   7.34MB/110MB
 363a00f0fb05 Downloading [==================================================>]     184B/184B
 a9986cd6f37d Downloading [=========================>                         ]  2.097MB/4.188MB
 b266f5de3807 Downloading [==================================================>]     10kB/10kB
 0c4d12928c8b Downloading [==================================================>]     968B/968B
 17bc19c5b6b3 Downloading [==================================================>]     128B/128B
 571d921d3454 Downloading [==================================================>]     168B/168B
 0c4d12928c8b Downloading [==================================================>]     968B/968B
 a9986cd6f37d Downloading [=========================>                         ]  2.097MB/4.188MB
 334e16b2a68c Downloading [==================================================>]  853.4kB/853.4kB
 b266f5de3807 Downloading [==================================================>]     10kB/10kB
 87e7bc91b13b Downloading [==================================================>]     116B/116B
 363a00f0fb05 Downloading [==================================================>]     184B/184B
 2561c1a92c32 Downloading [===>                                               ]   7.34MB/110MB
 571d921d3454 Downloading [==================================================>]     168B/168B
 ba4c01c41a64 Downloading [==================================================>]  6.113kB/6.113kB
 17bc19c5b6b3 Downloading [==================================================>]     128B/128B
 571d921d3454 Downloading [==================================================>]     168B/168B
 17bc19c5b6b3 Downloading [==================================================>]     128B/128B
 a9986cd6f37d Downloading [=========================>                         ]  2.097MB/4.188MB
 b266f5de3807 Downloading [==================================================>]     10kB/10kB
 0c4d12928c8b Downloading [==================================================>]     968B/968B
 334e16b2a68c Downloading [==================================================>]  853.4kB/853.4kB
 87e7bc91b13b Downloading [==================================================>]     116B/116B
 ba4c01c41a64 Downloading [==================================================>]  6.113kB/6.113kB
 2561c1a92c32 Downloading [===>                                               ]   7.34MB/110MB
 363a00f0fb05 Downloading [==================================================>]     184B/184B
 17bc19c5b6b3 Downloading [==================================================>]     128B/128B
 0c4d12928c8b Downloading [==================================================>]     968B/968B
 a9986cd6f37d Downloading [=========================>                         ]  2.097MB/4.188MB
 334e16b2a68c Downloading [==================================================>]  853.4kB/853.4kB
 b266f5de3807 Downloading [==================================================>]     10kB/10kB
 87e7bc91b13b Downloading [==================================================>]     116B/116B
 363a00f0fb05 Downloading [==================================================>]     184B/184B
 2561c1a92c32 Downloading [===>                                               ]   7.34MB/110MB
 571d921d3454 Downloading [==================================================>]     168B/168B
 ba4c01c41a64 Downloading [==================================================>]  6.113kB/6.113kB
 363a00f0fb05 Downloading [==================================================>]     184B/184B
 a9986cd6f37d Downloading [=========================>                         ]  2.097MB/4.188MB
 b266f5de3807 Downloading [==================================================>]     10kB/10kB
 0c4d12928c8b Downloading [==================================================>]     968B/968B
 334e16b2a68c Downloading [==================================================>]  853.4kB/853.4kB
 87e7bc91b13b Downloading [==================================================>]     116B/116B
 ba4c01c41a64 Downloading [==================================================>]  6.113kB/6.113kB
 2561c1a92c32 Downloading [===>                                               ]  8.389MB/110MB
 17bc19c5b6b3 Downloading [==================================================>]     128B/128B
 571d921d3454 Downloading [==================================================>]     168B/168B
 a9986cd6f37d Downloading [=========================>                         ]  2.097MB/4.188MB
 334e16b2a68c Downloading [==================================================>]  853.4kB/853.4kB
 b266f5de3807 Downloading [==================================================>]     10kB/10kB
 87e7bc91b13b Downloading [==================================================>]     116B/116B
 363a00f0fb05 Downloading [==================================================>]     184B/184B
 2561c1a92c32 Downloading [===>                                               ]  8.389MB/110MB
 571d921d3454 Downloading [==================================================>]     168B/168B
 0c4d12928c8b Downloading [==================================================>]     968B/968B
 ba4c01c41a64 Downloading [==================================================>]  6.113kB/6.113kB
 17bc19c5b6b3 Downloading [==================================================>]     128B/128B
 87e7bc91b13b Downloading [==================================================>]     116B/116B
 ba4c01c41a64 Downloading [==================================================>]  6.113kB/6.113kB
 2561c1a92c32 Downloading [===>                                               ]  8.389MB/110MB
 363a00f0fb05 Downloading [==================================================>]     184B/184B
 a9986cd6f37d Downloading [=====================================>             ]  3.146MB/4.188MB
 b266f5de3807 Downloading [==================================================>]     10kB/10kB
 0c4d12928c8b Downloading [==================================================>]     968B/968B
 334e16b2a68c Downloading [==================================================>]  853.4kB/853.4kB
 17bc19c5b6b3 Downloading [==================================================>]     128B/128B
 571d921d3454 Downloading [==================================================>]     168B/168B
 b266f5de3807 Downloading [==================================================>]     10kB/10kB
 87e7bc91b13b Downloading [==================================================>]     116B/116B
 363a00f0fb05 Downloading [==================================================>]     184B/184B
 2561c1a92c32 Downloading [===>                                               ]  8.389MB/110MB
 571d921d3454 Downloading [==================================================>]     168B/168B
 0c4d12928c8b Downloading [==================================================>]     968B/968B
 a9986cd6f37d Downloading [=====================================>             ]  3.146MB/4.188MB
 334e16b2a68c Downloading [==================================================>]  853.4kB/853.4kB
 ba4c01c41a64 Downloading [==================================================>]  6.113kB/6.113kB
 17bc19c5b6b3 Downloading [==================================================>]     128B/128B
 2561c1a92c32 Downloading [====>                                              ]  9.437MB/110MB
 363a00f0fb05 Downloading [==================================================>]     184B/184B
 a9986cd6f37d Downloading [=====================================>             ]  3.146MB/4.188MB
 b266f5de3807 Downloading [==================================================>]     10kB/10kB
 0c4d12928c8b Downloading [==================================================>]     968B/968B
 334e16b2a68c Downloading [==================================================>]  853.4kB/853.4kB
 87e7bc91b13b Downloading [==================================================>]     116B/116B
 ba4c01c41a64 Downloading [==================================================>]  6.113kB/6.113kB
 17bc19c5b6b3 Downloading [==================================================>]     128B/128B
 571d921d3454 Downloading [==================================================>]     168B/168B
 17bc19c5b6b3 Downloading [==================================================>]     128B/128B
 b266f5de3807 Downloading [==================================================>]     10kB/10kB
 87e7bc91b13b Downloading [==================================================>]     116B/116B
 363a00f0fb05 Downloading [==================================================>]     184B/184B
 2561c1a92c32 Downloading [====>                                              ]  9.437MB/110MB
 571d921d3454 Downloading [==================================================>]     168B/168B
 0c4d12928c8b Downloading [==================================================>]     968B/968B
 a9986cd6f37d Downloading [=====================================>             ]  3.146MB/4.188MB
 334e16b2a68c Downloading [==================================================>]  853.4kB/853.4kB
 ba4c01c41a64 Downloading [==================================================>]  6.113kB/6.113kB
 87e7bc91b13b Downloading [==================================================>]     116B/116B
 ba4c01c41a64 Downloading [==================================================>]  6.113kB/6.113kB
 2561c1a92c32 Downloading [====>                                              ]  9.437MB/110MB
 363a00f0fb05 Downloading [==================================================>]     184B/184B
 a9986cd6f37d Downloading [=====================================>             ]  3.146MB/4.188MB
 b266f5de3807 Downloading [==================================================>]     10kB/10kB
 0c4d12928c8b Downloading [==================================================>]     968B/968B
 334e16b2a68c Downloading [==================================================>]  853.4kB/853.4kB
 17bc19c5b6b3 Downloading [==================================================>]     128B/128B
 571d921d3454 Downloading [==================================================>]     168B/168B
 17bc19c5b6b3 Downloading [==================================================>]     128B/128B
 2561c1a92c32 Downloading [====>                                              ]  9.437MB/110MB
 571d921d3454 Downloading [==================================================>]     168B/168B
 0c4d12928c8b Downloading [==================================================>]     968B/968B
 a9986cd6f37d Downloading [=====================================>             ]  3.146MB/4.188MB
 334e16b2a68c Downloading [==================================================>]  853.4kB/853.4kB
 b266f5de3807 Downloading [==================================================>]     10kB/10kB
 87e7bc91b13b Downloading [==================================================>]     116B/116B
 363a00f0fb05 Downloading [==================================================>]     184B/184B
 ba4c01c41a64 Downloading [==================================================>]  6.113kB/6.113kB
 571d921d3454 Downloading [==================================================>]     168B/168B
 17bc19c5b6b3 Downloading [==================================================>]     128B/128B
 a9986cd6f37d Downloading [=====================================>             ]  3.146MB/4.188MB
 b266f5de3807 Downloading [==================================================>]     10kB/10kB
 0c4d12928c8b Downloading [==================================================>]     968B/968B
 334e16b2a68c Downloading [==================================================>]  853.4kB/853.4kB
 87e7bc91b13b Downloading [==================================================>]     116B/116B
 ba4c01c41a64 Downloading [==================================================>]  6.113kB/6.113kB
 2561c1a92c32 Downloading [====>                                              ]  10.49MB/110MB
 363a00f0fb05 Downloading [==================================================>]     184B/184B
 17bc19c5b6b3 Downloading [==================================================>]     128B/128B
 b266f5de3807 Downloading [==================================================>]     10kB/10kB
 87e7bc91b13b Downloading [==================================================>]     116B/116B
 363a00f0fb05 Downloading [==================================================>]     184B/184B
 2561c1a92c32 Downloading [====>                                              ]  10.49MB/110MB
 571d921d3454 Downloading [==================================================>]     168B/168B
 0c4d12928c8b Downloading [==================================================>]     968B/968B
 a9986cd6f37d Downloading [=====================================>             ]  3.146MB/4.188MB
 334e16b2a68c Downloading [==================================================>]  853.4kB/853.4kB
 ba4c01c41a64 Downloading [==================================================>]  6.113kB/6.113kB
 571d921d3454 Downloading [==================================================>]     168B/168B
 17bc19c5b6b3 Downloading [==================================================>]     128B/128B
 a9986cd6f37d Downloading [=====================================>             ]  3.146MB/4.188MB
 b266f5de3807 Downloading [==================================================>]     10kB/10kB
 0c4d12928c8b Downloading [==================================================>]     968B/968B
 334e16b2a68c Downloading [==================================================>]  853.4kB/853.4kB
 87e7bc91b13b Downloading [==================================================>]     116B/116B
 ba4c01c41a64 Downloading [==================================================>]  6.113kB/6.113kB
 2561c1a92c32 Downloading [====>                                              ]  10.49MB/110MB
 363a00f0fb05 Downloading [==================================================>]     184B/184B
 17bc19c5b6b3 Downloading [==================================================>]     128B/128B
 87e7bc91b13b Downloading [==================================================>]     116B/116B
 363a00f0fb05 Downloading [==================================================>]     184B/184B
 2561c1a92c32 Downloading [====>                                              ]  10.49MB/110MB
 571d921d3454 Downloading [==================================================>]     168B/168B
 0c4d12928c8b Downloading [==================================================>]     968B/968B
 a9986cd6f37d Downloading [=====================================>             ]  3.146MB/4.188MB
 334e16b2a68c Downloading [==================================================>]  853.4kB/853.4kB
 b266f5de3807 Downloading [==================================================>]     10kB/10kB
 ba4c01c41a64 Downloading [==================================================>]  6.113kB/6.113kB
 363a00f0fb05 Downloading [==================================================>]     184B/184B
 a9986cd6f37d Downloading [==================================================>]  4.188MB/4.188MB
 b266f5de3807 Downloading [==================================================>]     10kB/10kB
 0c4d12928c8b Downloading [==================================================>]     968B/968B
 334e16b2a68c Downloading [==================================================>]  853.4kB/853.4kB
 87e7bc91b13b Downloading [==================================================>]     116B/116B
 ba4c01c41a64 Downloading [==================================================>]  6.113kB/6.113kB
 2561c1a92c32 Downloading [=====>                                             ]  11.53MB/110MB
 17bc19c5b6b3 Downloading [==================================================>]     128B/128B
 571d921d3454 Downloading [==================================================>]     168B/168B
 17bc19c5b6b3 Downloading [==================================================>]     128B/128B
 363a00f0fb05 Downloading [==================================================>]     184B/184B
 2561c1a92c32 Downloading [=====>                                             ]  11.53MB/110MB
 571d921d3454 Downloading [==================================================>]     168B/168B
 0c4d12928c8b Downloading [==================================================>]     968B/968B
 a9986cd6f37d Downloading [==================================================>]  4.188MB/4.188MB
 334e16b2a68c Downloading [==================================================>]  853.4kB/853.4kB
 b266f5de3807 Downloading [==================================================>]     10kB/10kB
 87e7bc91b13b Downloading [==================================================>]     116B/116B
 ba4c01c41a64 Downloading [==================================================>]  6.113kB/6.113kB
 a9986cd6f37d Downloading [==================================================>]  4.188MB/4.188MB
 334e16b2a68c Downloading [==================================================>]  853.4kB/853.4kB
 b266f5de3807 Downloading [==================================================>]     10kB/10kB
 87e7bc91b13b Downloading [==================================================>]     116B/116B
 363a00f0fb05 Downloading [==================================================>]     184B/184B
 2561c1a92c32 Downloading [=====>                                             ]  11.53MB/110MB
 571d921d3454 Downloading [==================================================>]     168B/168B
 0c4d12928c8b Downloading [==================================================>]     968B/968B
 ba4c01c41a64 Downloading [==================================================>]  6.113kB/6.113kB
 17bc19c5b6b3 Downloading [==================================================>]     128B/128B
 17bc19c5b6b3 Downloading [==================================================>]     128B/128B
 571d921d3454 Downloading [==================================================>]     168B/168B
 0c4d12928c8b Downloading [==================================================>]     968B/968B
 334e16b2a68c Downloading [==================================================>]  853.4kB/853.4kB
 87e7bc91b13b Downloading [==================================================>]     116B/116B
 ba4c01c41a64 Downloading [==================================================>]  6.113kB/6.113kB
 2561c1a92c32 Downloading [=====>                                             ]  11.53MB/110MB
 363a00f0fb05 Downloading [==================================================>]     184B/184B
 a9986cd6f37d Downloading [==================================================>]  4.188MB/4.188MB
 b266f5de3807 Downloading [==================================================>]     10kB/10kB
 17bc19c5b6b3 Downloading [==================================================>]     128B/128B
 363a00f0fb05 Downloading [==================================================>]     184B/184B
 2561c1a92c32 Downloading [=====>                                             ]  12.58MB/110MB
 571d921d3454 Downloading [==================================================>]     168B/168B
 0c4d12928c8b Downloading [==================================================>]     968B/968B
 a9986cd6f37d Downloading [==================================================>]  4.188MB/4.188MB
 334e16b2a68c Downloading [==================================================>]  853.4kB/853.4kB
 b266f5de3807 Downloading [==================================================>]     10kB/10kB
 87e7bc91b13b Downloading [==================================================>]     116B/116B
 ba4c01c41a64 Downloading [==================================================>]  6.113kB/6.113kB
 a9986cd6f37d Downloading [==================================================>]  4.188MB/4.188MB
 b266f5de3807 Downloading [==================================================>]     10kB/10kB
 0c4d12928c8b Downloading [==================================================>]     968B/968B
 334e16b2a68c Downloading [==================================================>]  853.4kB/853.4kB
 87e7bc91b13b Downloading [==================================================>]     116B/116B
 ba4c01c41a64 Downloading [==================================================>]  6.113kB/6.113kB
 2561c1a92c32 Downloading [=====>                                             ]  12.58MB/110MB
 363a00f0fb05 Downloading [==================================================>]     184B/184B
 571d921d3454 Downloading [==================================================>]     168B/168B
 17bc19c5b6b3 Downloading [==================================================>]     128B/128B
 0c4d12928c8b Downloading [==================================================>]     968B/968B
 a9986cd6f37d Downloading [==================================================>]  4.188MB/4.188MB
 334e16b2a68c Downloading [==================================================>]  853.4kB/853.4kB
 b266f5de3807 Downloading [==================================================>]     10kB/10kB
 87e7bc91b13b Downloading [==================================================>]     116B/116B
 363a00f0fb05 Downloading [==================================================>]     184B/184B
 2561c1a92c32 Downloading [=====>                                             ]  12.58MB/110MB
 571d921d3454 Downloading [==================================================>]     168B/168B
 ba4c01c41a64 Downloading [==================================================>]  6.113kB/6.113kB
 17bc19c5b6b3 Downloading [==================================================>]     128B/128B
 17bc19c5b6b3 Downloading [==================================================>]     128B/128B
 571d921d3454 Downloading [==================================================>]     168B/168B
 87e7bc91b13b Downloading [==================================================>]     116B/116B
 ba4c01c41a64 Downloading [==================================================>]  6.113kB/6.113kB
 2561c1a92c32 Downloading [=====>                                             ]  12.58MB/110MB
 363a00f0fb05 Downloading [==================================================>]     184B/184B
 a9986cd6f37d Downloading [==================================================>]  4.188MB/4.188MB
 b266f5de3807 Downloading [==================================================>]     10kB/10kB
 0c4d12928c8b Downloading [==================================================>]     968B/968B
 334e16b2a68c Downloading [==================================================>]  853.4kB/853.4kB
 17bc19c5b6b3 Downloading [==================================================>]     128B/128B
 571d921d3454 Downloading [==================================================>]     168B/168B
 87e7bc91b13b Downloading [==================================================>]     116B/116B
 ba4c01c41a64 Downloading [==================================================>]  6.113kB/6.113kB
 2561c1a92c32 Downloading [======>                                            ]  13.63MB/110MB
 363a00f0fb05 Downloading [==================================================>]     184B/184B
 a9986cd6f37d Downloading [==================================================>]  4.188MB/4.188MB
 b266f5de3807 Downloading [==================================================>]     10kB/10kB
 0c4d12928c8b Downloading [==================================================>]     968B/968B
 334e16b2a68c Downloading [==================================================>]  853.4kB/853.4kB
 17bc19c5b6b3 Downloading [==================================================>]     128B/128B
 b266f5de3807 Downloading [==================================================>]     10kB/10kB
 87e7bc91b13b Downloading [==================================================>]     116B/116B
 363a00f0fb05 Downloading [==================================================>]     184B/184B
 2561c1a92c32 Downloading [======>                                            ]  13.63MB/110MB
 571d921d3454 Downloading [==================================================>]     168B/168B
 0c4d12928c8b Downloading [==================================================>]     968B/968B
 a9986cd6f37d Downloading [==================================================>]  4.188MB/4.188MB
 334e16b2a68c Downloading [==================================================>]  853.4kB/853.4kB
 ba4c01c41a64 Downloading [==================================================>]  6.113kB/6.113kB
 17bc19c5b6b3 Downloading [==================================================>]     128B/128B
 571d921d3454 Downloading [==================================================>]     168B/168B
 b266f5de3807 Downloading [==================================================>]     10kB/10kB
 0c4d12928c8b Downloading [==================================================>]     968B/968B
 334e16b2a68c Downloading [==================================================>]  853.4kB/853.4kB
 87e7bc91b13b Downloading [==================================================>]     116B/116B
 ba4c01c41a64 Downloading [==================================================>]  6.113kB/6.113kB
 2561c1a92c32 Downloading [======>                                            ]  14.68MB/110MB
 363a00f0fb05 Downloading [==================================================>]     184B/184B
 a9986cd6f37d Downloading [==================================================>]  4.188MB/4.188MB
 363a00f0fb05 Downloading [==================================================>]     184B/184B
 2561c1a92c32 Downloading [======>                                            ]  14.68MB/110MB
 571d921d3454 Downloading [==================================================>]     168B/168B
 0c4d12928c8b Downloading [==================================================>]     968B/968B
 a9986cd6f37d Downloading [==================================================>]  4.188MB/4.188MB
 334e16b2a68c Downloading [==================================================>]  853.4kB/853.4kB
 b266f5de3807 Downloading [==================================================>]     10kB/10kB
 87e7bc91b13b Downloading [==================================================>]     116B/116B
 ba4c01c41a64 Downloading [==================================================>]  6.113kB/6.113kB
 17bc19c5b6b3 Downloading [==================================================>]     128B/128B
 b266f5de3807 Downloading [==================================================>]     10kB/10kB
 0c4d12928c8b Downloading [==================================================>]     968B/968B
 334e16b2a68c Downloading [==================================================>]  853.4kB/853.4kB
 87e7bc91b13b Downloading [==================================================>]     116B/116B
 ba4c01c41a64 Downloading [==================================================>]  6.113kB/6.113kB
 2561c1a92c32 Downloading [======>                                            ]  14.68MB/110MB
 363a00f0fb05 Downloading [==================================================>]     184B/184B
 a9986cd6f37d Downloading [==================================================>]  4.188MB/4.188MB
 17bc19c5b6b3 Downloading [==================================================>]     128B/128B
 571d921d3454 Downloading [==================================================>]     168B/168B
 17bc19c5b6b3 Downloading [==================================================>]     128B/128B
 2561c1a92c32 Downloading [======>                                            ]  14.68MB/110MB
 571d921d3454 Downloading [==================================================>]     168B/168B
 0c4d12928c8b Downloading [==================================================>]     968B/968B
 a9986cd6f37d Downloading [==================================================>]  4.188MB/4.188MB
 334e16b2a68c Downloading [==================================================>]  853.4kB/853.4kB
 b266f5de3807 Downloading [==================================================>]     10kB/10kB
 87e7bc91b13b Downloading [==================================================>]     116B/116B
 363a00f0fb05 Downloading [==================================================>]     184B/184B
 ba4c01c41a64 Downloading [==================================================>]  6.113kB/6.113kB
 87e7bc91b13b Downloading [==================================================>]     116B/116B
 ba4c01c41a64 Downloading [==================================================>]  6.113kB/6.113kB
 2561c1a92c32 Downloading [=======>                                           ]  15.73MB/110MB
 363a00f0fb05 Downloading [==================================================>]     184B/184B
 a9986cd6f37d Downloading [==================================================>]  4.188MB/4.188MB
 b266f5de3807 Downloading [==================================================>]     10kB/10kB
 0c4d12928c8b Downloading [==================================================>]     968B/968B
 334e16b2a68c Downloading [==================================================>]  853.4kB/853.4kB
 17bc19c5b6b3 Downloading [==================================================>]     128B/128B
 571d921d3454 Downloading [==================================================>]     168B/168B
 17bc19c5b6b3 Downloading [==================================================>]     128B/128B
 334e16b2a68c Downloading [==================================================>]  853.4kB/853.4kB
 b266f5de3807 Downloading [==================================================>]     10kB/10kB
 87e7bc91b13b Downloading [==================================================>]     116B/116B
 363a00f0fb05 Downloading [==================================================>]     184B/184B
 2561c1a92c32 Downloading [=======>                                           ]  15.73MB/110MB
 571d921d3454 Downloading [==================================================>]     168B/168B
 0c4d12928c8b Downloading [==================================================>]     968B/968B
 a9986cd6f37d Downloading [==================================================>]  4.188MB/4.188MB
 ba4c01c41a64 Downloading [==================================================>]  6.113kB/6.113kB
 17bc19c5b6b3 Downloading [==================================================>]     128B/128B
 571d921d3454 Downloading [==================================================>]     168B/168B
 0c4d12928c8b Downloading [==================================================>]     968B/968B
 334e16b2a68c Downloading [==================================================>]  853.4kB/853.4kB
 87e7bc91b13b Downloading [==================================================>]     116B/116B
 ba4c01c41a64 Downloading [==================================================>]  6.113kB/6.113kB
 2561c1a92c32 Downloading [=======>                                           ]  15.73MB/110MB
 363a00f0fb05 Downloading [==================================================>]     184B/184B
 a9986cd6f37d Downloading [==================================================>]  4.188MB/4.188MB
 b266f5de3807 Downloading [==================================================>]     10kB/10kB
 334e16b2a68c Downloading [==================================================>]  853.4kB/853.4kB
 b266f5de3807 Downloading [==================================================>]     10kB/10kB
 87e7bc91b13b Downloading [==================================================>]     116B/116B
 363a00f0fb05 Downloading [==================================================>]     184B/184B
 2561c1a92c32 Downloading [=======>                                           ]  15.73MB/110MB
 571d921d3454 Downloading [==================================================>]     168B/168B
 0c4d12928c8b Downloading [==================================================>]     968B/968B
 a9986cd6f37d Downloading [==================================================>]  4.188MB/4.188MB
 ba4c01c41a64 Downloading [==================================================>]  6.113kB/6.113kB
 17bc19c5b6b3 Downloading [==================================================>]     128B/128B
 17bc19c5b6b3 Downloading [==================================================>]     128B/128B
 0c4d12928c8b Downloading [==================================================>]     968B/968B
 a9986cd6f37d Downloading [==================================================>]  4.188MB/4.188MB
 334e16b2a68c Downloading [==================================================>]  853.4kB/853.4kB
 b266f5de3807 Downloading [==================================================>]     10kB/10kB
 87e7bc91b13b Downloading [==================================================>]     116B/116B
 363a00f0fb05 Downloading [==================================================>]     184B/184B
 2561c1a92c32 Downloading [=======>                                           ]  16.78MB/110MB
 571d921d3454 Downloading [==================================================>]     168B/168B
 ba4c01c41a64 Downloading [==================================================>]  6.113kB/6.113kB
 87e7bc91b13b Downloading [==================================================>]     116B/116B
 ba4c01c41a64 Downloading [==================================================>]  6.113kB/6.113kB
 2561c1a92c32 Downloading [=======>                                           ]  16.78MB/110MB
 363a00f0fb05 Downloading [==================================================>]     184B/184B
 a9986cd6f37d Downloading [==================================================>]  4.188MB/4.188MB
 b266f5de3807 Downloading [==================================================>]     10kB/10kB
 0c4d12928c8b Downloading [==================================================>]     968B/968B
 334e16b2a68c Downloading [==================================================>]  853.4kB/853.4kB
 17bc19c5b6b3 Downloading [==================================================>]     128B/128B
 571d921d3454 Downloading [==================================================>]     168B/168B
 571d921d3454 Downloading [==================================================>]     168B/168B
 0c4d12928c8b Downloading [==================================================>]     968B/968B
 a9986cd6f37d Downloading [==================================================>]  4.188MB/4.188MB
 334e16b2a68c Downloading [==================================================>]  853.4kB/853.4kB
 b266f5de3807 Downloading [==================================================>]     10kB/10kB
 87e7bc91b13b Downloading [==================================================>]     116B/116B
 363a00f0fb05 Downloading [==================================================>]     184B/184B
 87e7bc91b13b Downloading [==================================================>]     116B/116B
 2561c1a92c32 Downloading [========>                                          ]  17.83MB/110MB
 ba4c01c41a64 Downloading [==================================================>]  6.113kB/6.113kB
 ba4c01c41a64 Downloading [==================================================>]  6.113kB/6.113kB
 2561c1a92c32 Downloading [========>                                          ]  17.83MB/110MB
 17bc19c5b6b3 Downloading [==================================================>]     128B/128B
 363a00f0fb05 Downloading [==================================================>]     184B/184B
 a9986cd6f37d Downloading [==================================================>]  4.188MB/4.188MB
 b266f5de3807 Downloading [==================================================>]     10kB/10kB
 0c4d12928c8b Downloading [==================================================>]     968B/968B
 334e16b2a68c Downloading [==================================================>]  853.4kB/853.4kB
 17bc19c5b6b3 Downloading [==================================================>]     128B/128B
 571d921d3454 Downloading [==================================================>]     168B/168B
 17bc19c5b6b3 Downloading [==================================================>]     128B/128B
 363a00f0fb05 Downloading [==================================================>]     184B/184B
 2561c1a92c32 Downloading [========>                                          ]  18.87MB/110MB
 571d921d3454 Downloading [==================================================>]     168B/168B
 2561c1a92c32 Downloading [========>                                          ]  18.87MB/110MB
 0c4d12928c8b Downloading [==================================================>]     968B/968B
 363a00f0fb05 Downloading [==================================================>]     184B/184B
 a9986cd6f37d Downloading [==================================================>]  4.188MB/4.188MB
 a9986cd6f37d Downloading [==================================================>]  4.188MB/4.188MB
 b266f5de3807 Downloading [==================================================>]     10kB/10kB
 334e16b2a68c Downloading [==================================================>]  853.4kB/853.4kB
 0c4d12928c8b Downloading [==================================================>]     968B/968B
 b266f5de3807 Downloading [==================================================>]     10kB/10kB
 334e16b2a68c Downloading [==================================================>]  853.4kB/853.4kB
 87e7bc91b13b Downloading [==================================================>]     116B/116B
 87e7bc91b13b Downloading [==================================================>]     116B/116B
 ba4c01c41a64 Downloading [==================================================>]  6.113kB/6.113kB
 ba4c01c41a64 Downloading [==================================================>]  6.113kB/6.113kB
 17bc19c5b6b3 Downloading [==================================================>]     128B/128B
 571d921d3454 Downloading [==================================================>]     168B/168B
 363a00f0fb05 Downloading [==================================================>]     184B/184B
 a9986cd6f37d Downloading [==================================================>]  4.188MB/4.188MB
 b266f5de3807 Downloading [==================================================>]     10kB/10kB
 0c4d12928c8b Downloading [==================================================>]     968B/968B
 334e16b2a68c Downloading [==================================================>]  853.4kB/853.4kB
 87e7bc91b13b Downloading [==================================================>]     116B/116B
 ba4c01c41a64 Downloading [==================================================>]  6.113kB/6.113kB
 2561c1a92c32 Downloading [========>                                          ]  18.87MB/110MB
 17bc19c5b6b3 Downloading [==================================================>]     128B/128B
 571d921d3454 Downloading [==================================================>]     168B/168B
 0c4d12928c8b Downloading [==================================================>]     968B/968B
 a9986cd6f37d Downloading [==================================================>]  4.188MB/4.188MB
 334e16b2a68c Downloading [==================================================>]  853.4kB/853.4kB
 b266f5de3807 Downloading [==================================================>]     10kB/10kB
 87e7bc91b13b Downloading [==================================================>]     116B/116B
 363a00f0fb05 Downloading [==================================================>]     184B/184B
 2561c1a92c32 Downloading [========>                                          ]  18.87MB/110MB
 571d921d3454 Downloading [==================================================>]     168B/168B
 ba4c01c41a64 Downloading [==================================================>]  6.113kB/6.113kB
 17bc19c5b6b3 Downloading [==================================================>]     128B/128B
 2561c1a92c32 Downloading [=========>                                         ]  19.92MB/110MB
 334e16b2a68c Downloading [==================================================>]  853.4kB/853.4kB
 87e7bc91b13b Downloading [==================================================>]     116B/116B
 ba4c01c41a64 Downloading [==================================================>]  6.113kB/6.113kB
 2561c1a92c32 Downloading [=========>                                         ]  19.92MB/110MB
 363a00f0fb05 Downloading [==================================================>]     184B/184B
 a9986cd6f37d Downloading [==================================================>]  4.188MB/4.188MB
 b266f5de3807 Downloading [==================================================>]     10kB/10kB
 0c4d12928c8b Downloading [==================================================>]     968B/968B
 17bc19c5b6b3 Downloading [==================================================>]     128B/128B
 571d921d3454 Downloading [==================================================>]     168B/168B
 571d921d3454 Downloading [==================================================>]     168B/168B
 0c4d12928c8b Downloading [==================================================>]     968B/968B
 a9986cd6f37d Downloading [==================================================>]  4.188MB/4.188MB
 334e16b2a68c Downloading [==================================================>]  853.4kB/853.4kB
 b266f5de3807 Downloading [==================================================>]     10kB/10kB
 87e7bc91b13b Downloading [==================================================>]     116B/116B
 363a00f0fb05 Downloading [==================================================>]     184B/184B
 ba4c01c41a64 Downloading [==================================================>]  6.113kB/6.113kB
 17bc19c5b6b3 Downloading [==================================================>]     128B/128B
 17bc19c5b6b3 Downloading [==================================================>]     128B/128B
 a9986cd6f37d Downloading [==================================================>]  4.188MB/4.188MB
 334e16b2a68c Downloading [==================================================>]  853.4kB/853.4kB
 b266f5de3807 Downloading [==================================================>]     10kB/10kB
 87e7bc91b13b Downloading [==================================================>]     116B/116B
 363a00f0fb05 Downloading [==================================================>]     184B/184B
 2561c1a92c32 Downloading [=========>                                         ]  19.92MB/110MB
 571d921d3454 Downloading [==================================================>]     168B/168B
 0c4d12928c8b Downloading [==================================================>]     968B/968B
 ba4c01c41a64 Downloading [==================================================>]  6.113kB/6.113kB
 17bc19c5b6b3 Downloading [==================================================>]     128B/128B
 571d921d3454 Downloading [==================================================>]     168B/168B
 ba4c01c41a64 Downloading [==================================================>]  6.113kB/6.113kB
 2561c1a92c32 Downloading [=========>                                         ]  19.92MB/110MB
 363a00f0fb05 Downloading [==================================================>]     184B/184B
 a9986cd6f37d Downloading [==================================================>]  4.188MB/4.188MB
 b266f5de3807 Downloading [==================================================>]     10kB/10kB
 0c4d12928c8b Downloading [==================================================>]     968B/968B
 334e16b2a68c Downloading [==================================================>]  853.4kB/853.4kB
 87e7bc91b13b Downloading [==================================================>]     116B/116B
 87e7bc91b13b Downloading [==================================================>]     116B/116B
 ba4c01c41a64 Downloading [==================================================>]  6.113kB/6.113kB
 2561c1a92c32 Downloading [=========>                                         ]  20.97MB/110MB
 363a00f0fb05 Downloading [==================================================>]     184B/184B
 a9986cd6f37d Downloading [==================================================>]  4.188MB/4.188MB
 b266f5de3807 Downloading [==================================================>]     10kB/10kB
 0c4d12928c8b Downloading [==================================================>]     968B/968B
 334e16b2a68c Downloading [==================================================>]  853.4kB/853.4kB
 17bc19c5b6b3 Downloading [==================================================>]     128B/128B
 571d921d3454 Downloading [==================================================>]     168B/168B
 17bc19c5b6b3 Downloading [==================================================>]     128B/128B
 571d921d3454 Downloading [==================================================>]     168B/168B
 0c4d12928c8b Downloading [==================================================>]     968B/968B
 a9986cd6f37d Downloading [==================================================>]  4.188MB/4.188MB
 334e16b2a68c Downloading [==================================================>]  853.4kB/853.4kB
 b266f5de3807 Downloading [==================================================>]     10kB/10kB
 87e7bc91b13b Downloading [==================================================>]     116B/116B
 363a00f0fb05 Downloading [==================================================>]     184B/184B
 2561c1a92c32 Downloading [=========>                                         ]  20.97MB/110MB
 ba4c01c41a64 Downloading [==================================================>]  6.113kB/6.113kB
 17bc19c5b6b3 Downloading [==================================================>]     128B/128B
 571d921d3454 Downloading [==================================================>]     168B/168B
 334e16b2a68c Downloading [==================================================>]  853.4kB/853.4kB
 87e7bc91b13b Downloading [==================================================>]     116B/116B
 ba4c01c41a64 Downloading [==================================================>]  6.113kB/6.113kB
 2561c1a92c32 Downloading [==========>                                        ]  22.02MB/110MB
 363a00f0fb05 Downloading [==================================================>]     184B/184B
 a9986cd6f37d Downloading [==================================================>]  4.188MB/4.188MB
 b266f5de3807 Downloading [==================================================>]     10kB/10kB
 0c4d12928c8b Downloading [==================================================>]     968B/968B
 b266f5de3807 Downloading [==================================================>]     10kB/10kB
 87e7bc91b13b Downloading [==================================================>]     116B/116B
 363a00f0fb05 Downloading [==================================================>]     184B/184B
 2561c1a92c32 Downloading [==========>                                        ]  22.02MB/110MB
 571d921d3454 Downloading [==================================================>]     168B/168B
 0c4d12928c8b Downloading [==================================================>]     968B/968B
 a9986cd6f37d Downloading [==================================================>]  4.188MB/4.188MB
 334e16b2a68c Downloading [==================================================>]  853.4kB/853.4kB
 ba4c01c41a64 Downloading [==================================================>]  6.113kB/6.113kB
 17bc19c5b6b3 Downloading [==================================================>]     128B/128B
 b266f5de3807 Downloading [==================================================>]     10kB/10kB
 0c4d12928c8b Downloading [==================================================>]     968B/968B
 334e16b2a68c Downloading [==================================================>]  853.4kB/853.4kB
 87e7bc91b13b Downloading [==================================================>]     116B/116B
 ba4c01c41a64 Downloading [==================================================>]  6.113kB/6.113kB
 2561c1a92c32 Downloading [==========>                                        ]  22.02MB/110MB
 363a00f0fb05 Downloading [==================================================>]     184B/184B
 a9986cd6f37d Downloading [==================================================>]  4.188MB/4.188MB
 17bc19c5b6b3 Downloading [==================================================>]     128B/128B
 571d921d3454 Downloading [==================================================>]     168B/168B
 0c4d12928c8b Downloading [==================================================>]     968B/968B
 a9986cd6f37d Downloading [==================================================>]  4.188MB/4.188MB
 334e16b2a68c Downloading [==================================================>]  853.4kB/853.4kB
 b266f5de3807 Downloading [==================================================>]     10kB/10kB
 87e7bc91b13b Downloading [==================================================>]     116B/116B
 363a00f0fb05 Downloading [==================================================>]     184B/184B
 2561c1a92c32 Downloading [==========>                                        ]  22.02MB/110MB
 571d921d3454 Downloading [==================================================>]     168B/168B
 ba4c01c41a64 Downloading [==================================================>]  6.113kB/6.113kB
 17bc19c5b6b3 Downloading [==================================================>]     128B/128B
 17bc19c5b6b3 Downloading [==================================================>]     128B/128B
 b266f5de3807 Downloading [==================================================>]     10kB/10kB
 87e7bc91b13b Downloading [==================================================>]     116B/116B
 363a00f0fb05 Downloading [==================================================>]     184B/184B
 2561c1a92c32 Downloading [==========>                                        ]  23.07MB/110MB
 571d921d3454 Downloading [==================================================>]     168B/168B
 0c4d12928c8b Downloading [==================================================>]     968B/968B
 a9986cd6f37d Downloading [==================================================>]  4.188MB/4.188MB
 b266f5de3807 Downloading [==================================================>]     10kB/10kB
 334e16b2a68c Downloading [==================================================>]  853.4kB/853.4kB
 0c4d12928c8b Downloading [==================================================>]     968B/968B
 ba4c01c41a64 Downloading [==================================================>]  6.113kB/6.113kB
 334e16b2a68c Downloading [==================================================>]  853.4kB/853.4kB
 87e7bc91b13b Downloading [==================================================>]     116B/116B
 ba4c01c41a64 Downloading [==================================================>]  6.113kB/6.113kB
 2561c1a92c32 Downloading [==========>                                        ]  23.07MB/110MB
 363a00f0fb05 Downloading [==================================================>]     184B/184B
 a9986cd6f37d Downloading [==================================================>]  4.188MB/4.188MB
 17bc19c5b6b3 Downloading [==================================================>]     128B/128B
 571d921d3454 Downloading [==================================================>]     168B/168B
 17bc19c5b6b3 Downloading [==================================================>]     128B/128B
 571d921d3454 Downloading [==================================================>]     168B/168B
 363a00f0fb05 Downloading [==================================================>]     184B/184B
 a9986cd6f37d Downloading [==================================================>]  4.188MB/4.188MB
 b266f5de3807 Downloading [==================================================>]     10kB/10kB
 0c4d12928c8b Downloading [==================================================>]     968B/968B
 334e16b2a68c Downloading [==================================================>]  853.4kB/853.4kB
 87e7bc91b13b Downloading [==================================================>]     116B/116B
 ba4c01c41a64 Downloading [==================================================>]  6.113kB/6.113kB
 2561c1a92c32 Downloading [==========>                                        ]  23.74MB/110MB
 17bc19c5b6b3 Downloading [==================================================>]     128B/128B
 b266f5de3807 Downloading [==================================================>]     10kB/10kB
 87e7bc91b13b Downloading [==================================================>]     116B/116B
 363a00f0fb05 Downloading [==================================================>]     184B/184B
 2561c1a92c32 Downloading [==========>                                        ]  24.12MB/110MB
 571d921d3454 Downloading [==================================================>]     168B/168B
 0c4d12928c8b Downloading [==================================================>]     968B/968B
 a9986cd6f37d Downloading [==================================================>]  4.188MB/4.188MB
 334e16b2a68c Downloading [==================================================>]  853.4kB/853.4kB
 ba4c01c41a64 Downloading [==================================================>]  6.113kB/6.113kB
 17bc19c5b6b3 Downloading [==================================================>]     128B/128B
 334e16b2a68c Downloading [==================================================>]  853.4kB/853.4kB
 b266f5de3807 Downloading [==================================================>]     10kB/10kB
 87e7bc91b13b Downloading [==================================================>]     116B/116B
 363a00f0fb05 Downloading [==================================================>]     184B/184B
 2561c1a92c32 Downloading [==========>                                        ]  24.12MB/110MB
 571d921d3454 Downloading [==================================================>]     168B/168B
 0c4d12928c8b Downloading [==================================================>]     968B/968B
 a9986cd6f37d Downloading [==================================================>]  4.188MB/4.188MB
 ba4c01c41a64 Downloading [==================================================>]  6.113kB/6.113kB
 a9986cd6f37d Downloading [==================================================>]  4.188MB/4.188MB
 b266f5de3807 Downloading [==================================================>]     10kB/10kB
 0c4d12928c8b Downloading [==================================================>]     968B/968B
 334e16b2a68c Downloading [==================================================>]  853.4kB/853.4kB
 87e7bc91b13b Downloading [==================================================>]     116B/116B
 ba4c01c41a64 Downloading [==================================================>]  6.113kB/6.113kB
 2561c1a92c32 Downloading [==========>                                        ]  24.12MB/110MB
 363a00f0fb05 Downloading [==================================================>]     184B/184B
 571d921d3454 Downloading [==================================================>]     168B/168B
 17bc19c5b6b3 Downloading [==================================================>]     128B/128B
 571d921d3454 Downloading [==================================================>]     168B/168B
 0c4d12928c8b Downloading [==================================================>]     968B/968B
 a9986cd6f37d Downloading [==================================================>]  4.188MB/4.188MB
 334e16b2a68c Downloading [==================================================>]  853.4kB/853.4kB
 b266f5de3807 Downloading [==================================================>]     10kB/10kB
 87e7bc91b13b Downloading [==================================================>]     116B/116B
 363a00f0fb05 Downloading [==================================================>]     184B/184B
 2561c1a92c32 Downloading [===========>                                       ]  25.17MB/110MB
 ba4c01c41a64 Downloading [==================================================>]  6.113kB/6.113kB
 17bc19c5b6b3 Downloading [==================================================>]     128B/128B
 17bc19c5b6b3 Downloading [==================================================>]     128B/128B
 571d921d3454 Downloading [==================================================>]     168B/168B
 2561c1a92c32 Downloading [===========>                                       ]  25.17MB/110MB
 363a00f0fb05 Downloading [==================================================>]     184B/184B
 a9986cd6f37d Downloading [==================================================>]  4.188MB/4.188MB
 b266f5de3807 Downloading [==================================================>]     10kB/10kB
 0c4d12928c8b Downloading [==================================================>]     968B/968B
 334e16b2a68c Downloading [==================================================>]  853.4kB/853.4kB
 87e7bc91b13b Downloading [==================================================>]     116B/116B
 ba4c01c41a64 Downloading [==================================================>]  6.113kB/6.113kB
 17bc19c5b6b3 Downloading [==================================================>]     128B/128B
 571d921d3454 Downloading [==================================================>]     168B/168B
 0c4d12928c8b Downloading [==================================================>]     968B/968B
 a9986cd6f37d Downloading [==================================================>]  4.188MB/4.188MB
 334e16b2a68c Downloading [==================================================>]  853.4kB/853.4kB
 b266f5de3807 Downloading [==================================================>]     10kB/10kB
 87e7bc91b13b Downloading [==================================================>]     116B/116B
 363a00f0fb05 Downloading [==================================================>]     184B/184B
 2561c1a92c32 Downloading [===========>                                       ]  26.21MB/110MB
 ba4c01c41a64 Downloading [==================================================>]  6.113kB/6.113kB
 17bc19c5b6b3 Downloading [==================================================>]     128B/128B
 571d921d3454 Downloading [==================================================>]     168B/168B
 0c4d12928c8b Downloading [==================================================>]     968B/968B
 334e16b2a68c Downloading [==================================================>]  853.4kB/853.4kB
 87e7bc91b13b Downloading [==================================================>]     116B/116B
 ba4c01c41a64 Downloading [==================================================>]  6.113kB/6.113kB
 2561c1a92c32 Downloading [===========>                                       ]  26.21MB/110MB
 363a00f0fb05 Downloading [==================================================>]     184B/184B
 a9986cd6f37d Downloading [==================================================>]  4.188MB/4.188MB
 b266f5de3807 Downloading [==================================================>]     10kB/10kB
 2561c1a92c32 Downloading [===========>                                       ]  26.21MB/110MB
 571d921d3454 Downloading [==================================================>]     168B/168B
 0c4d12928c8b Downloading [==================================================>]     968B/968B
 a9986cd6f37d Downloading [==================================================>]  4.188MB/4.188MB
 334e16b2a68c Downloading [==================================================>]  853.4kB/853.4kB
 b266f5de3807 Downloading [==================================================>]     10kB/10kB
 87e7bc91b13b Downloading [==================================================>]     116B/116B
 363a00f0fb05 Downloading [==================================================>]     184B/184B
 ba4c01c41a64 Downloading [==================================================>]  6.113kB/6.113kB
 17bc19c5b6b3 Downloading [==================================================>]     128B/128B
 b266f5de3807 Downloading [==================================================>]     10kB/10kB
 0c4d12928c8b Downloading [==================================================>]     968B/968B
 334e16b2a68c Downloading [==================================================>]  853.4kB/853.4kB
 87e7bc91b13b Downloading [==================================================>]     116B/116B
 ba4c01c41a64 Downloading [==================================================>]  6.113kB/6.113kB
 2561c1a92c32 Downloading [===========>                                       ]  26.21MB/110MB
 363a00f0fb05 Downloading [==================================================>]     184B/184B
 a9986cd6f37d Downloading [==================================================>]  4.188MB/4.188MB
 17bc19c5b6b3 Downloading [==================================================>]     128B/128B
 571d921d3454 Downloading [==================================================>]     168B/168B
 0c4d12928c8b Downloading [==================================================>]     968B/968B
 334e16b2a68c Downloading [==================================================>]  853.4kB/853.4kB
 87e7bc91b13b Downloading [==================================================>]     116B/116B
 ba4c01c41a64 Downloading [==================================================>]  6.113kB/6.113kB
 2561c1a92c32 Downloading [============>                                      ]  27.26MB/110MB
 363a00f0fb05 Downloading [==================================================>]     184B/184B
 a9986cd6f37d Downloading [==================================================>]  4.188MB/4.188MB
 b266f5de3807 Downloading [==================================================>]     10kB/10kB
 17bc19c5b6b3 Downloading [==================================================>]     128B/128B
 571d921d3454 Downloading [==================================================>]     168B/168B
 363a00f0fb05 Downloading [==================================================>]     184B/184B
 2561c1a92c32 Downloading [============>                                      ]  27.26MB/110MB
 571d921d3454 Downloading [==================================================>]     168B/168B
 0c4d12928c8b Downloading [==================================================>]     968B/968B
 a9986cd6f37d Downloading [==================================================>]  4.188MB/4.188MB
 334e16b2a68c Downloading [==================================================>]  853.4kB/853.4kB
 b266f5de3807 Downloading [==================================================>]     10kB/10kB
 87e7bc91b13b Downloading [==================================================>]     116B/116B
 ba4c01c41a64 Downloading [==================================================>]  6.113kB/6.113kB
 17bc19c5b6b3 Downloading [==================================================>]     128B/128B
 334e16b2a68c Downloading [==================================================>]  853.4kB/853.4kB
 b266f5de3807 Downloading [==================================================>]     10kB/10kB
 87e7bc91b13b Downloading [==================================================>]     116B/116B
 363a00f0fb05 Downloading [==================================================>]     184B/184B
 2561c1a92c32 Downloading [============>                                      ]  28.31MB/110MB
 571d921d3454 Downloading [==================================================>]     168B/168B
 0c4d12928c8b Downloading [==================================================>]     968B/968B
 a9986cd6f37d Downloading [==================================================>]  4.188MB/4.188MB
 ba4c01c41a64 Downloading [==================================================>]  6.113kB/6.113kB
 17bc19c5b6b3 Downloading [==================================================>]     128B/128B
 ba4c01c41a64 Downloading [==================================================>]  6.113kB/6.113kB
 2561c1a92c32 Downloading [============>                                      ]  28.31MB/110MB
 363a00f0fb05 Downloading [==================================================>]     184B/184B
 a9986cd6f37d Downloading [==================================================>]  4.188MB/4.188MB
 b266f5de3807 Downloading [==================================================>]     10kB/10kB
 0c4d12928c8b Downloading [==================================================>]     968B/968B
 334e16b2a68c Downloading [==================================================>]  853.4kB/853.4kB
 87e7bc91b13b Downloading [==================================================>]     116B/116B
 17bc19c5b6b3 Downloading [==================================================>]     128B/128B
 571d921d3454 Downloading [==================================================>]     168B/168B
 17bc19c5b6b3 Downloading [==================================================>]     128B/128B
 571d921d3454 Downloading [==================================================>]     168B/168B
 334e16b2a68c Downloading [==================================================>]  853.4kB/853.4kB
 87e7bc91b13b Downloading [==================================================>]     116B/116B
 ba4c01c41a64 Downloading [==================================================>]  6.113kB/6.113kB
 2561c1a92c32 Downloading [============>                                      ]  28.31MB/110MB
 363a00f0fb05 Downloading [==================================================>]     184B/184B
 a9986cd6f37d Downloading [==================================================>]  4.188MB/4.188MB
 b266f5de3807 Downloading [==================================================>]     10kB/10kB
 0c4d12928c8b Downloading [==================================================>]     968B/968B
 17bc19c5b6b3 Downloading [==================================================>]     128B/128B
 2561c1a92c32 Downloading [============>                                      ]  28.31MB/110MB
 571d921d3454 Downloading [==================================================>]     168B/168B
 0c4d12928c8b Downloading [==================================================>]     968B/968B
 a9986cd6f37d Downloading [==================================================>]  4.188MB/4.188MB
 334e16b2a68c Downloading [==================================================>]  853.4kB/853.4kB
 b266f5de3807 Downloading [==================================================>]     10kB/10kB
 87e7bc91b13b Downloading [==================================================>]     116B/116B
 363a00f0fb05 Downloading [==================================================>]     184B/184B
 ba4c01c41a64 Downloading [==================================================>]  6.113kB/6.113kB
 17bc19c5b6b3 Downloading [==================================================>]     128B/128B
 571d921d3454 Downloading [==================================================>]     168B/168B
 b266f5de3807 Downloading [==================================================>]     10kB/10kB
 0c4d12928c8b Downloading [==================================================>]     968B/968B
 334e16b2a68c Downloading [==================================================>]  853.4kB/853.4kB
 87e7bc91b13b Downloading [==================================================>]     116B/116B
 ba4c01c41a64 Downloading [==================================================>]  6.113kB/6.113kB
 2561c1a92c32 Downloading [=============>                                     ]  29.36MB/110MB
 363a00f0fb05 Downloading [==================================================>]     184B/184B
 a9986cd6f37d Downloading [==================================================>]  4.188MB/4.188MB
 334e16b2a68c Downloading [==================================================>]  853.4kB/853.4kB
 b266f5de3807 Downloading [==================================================>]     10kB/10kB
 87e7bc91b13b Downloading [==================================================>]     116B/116B
 363a00f0fb05 Downloading [==================================================>]     184B/184B
 2561c1a92c32 Downloading [=============>                                     ]  29.36MB/110MB
 571d921d3454 Downloading [==================================================>]     168B/168B
 0c4d12928c8b Downloading [==================================================>]     968B/968B
 a9986cd6f37d Downloading [==================================================>]  4.188MB/4.188MB
 ba4c01c41a64 Downloading [==================================================>]  6.113kB/6.113kB
 17bc19c5b6b3 Downloading [==================================================>]     128B/128B
 a9986cd6f37d Downloading [==================================================>]  4.188MB/4.188MB
 b266f5de3807 Download complete 
 0c4d12928c8b Download complete 
 334e16b2a68c Download complete 
 87e7bc91b13b Download complete 
 ba4c01c41a64 Download complete 
 2561c1a92c32 Downloading [=============>                                     ]  30.41MB/110MB
 363a00f0fb05 Download complete 
 571d921d3454 Download complete 
 17bc19c5b6b3 Download complete 
 571d921d3454 Download complete 
 0c4d12928c8b Download complete 
 a9986cd6f37d Downloading [==================================================>]  4.188MB/4.188MB
 334e16b2a68c Download complete 
 b266f5de3807 Download complete 
 87e7bc91b13b Download complete 
 363a00f0fb05 Download complete 
 2561c1a92c32 Downloading [=============>                                     ]  30.41MB/110MB
 ba4c01c41a64 Download complete 
 17bc19c5b6b3 Download complete 
 2561c1a92c32 Downloading [=============>                                     ]  30.41MB/110MB
 a9986cd6f37d Downloading [==================================================>]  4.188MB/4.188MB
 a9986cd6f37d Downloading [==================================================>]  4.188MB/4.188MB
 2561c1a92c32 Downloading [=============>                                     ]  30.41MB/110MB
 2561c1a92c32 Downloading [==============>                                    ]  31.46MB/110MB
 a9986cd6f37d Downloading [==================================================>]  4.188MB/4.188MB
 2561c1a92c32 Downloading [==============>                                    ]  31.46MB/110MB
 a9986cd6f37d Downloading [==================================================>]  4.188MB/4.188MB
 2561c1a92c32 Downloading [==============>                                    ]  32.51MB/110MB
 a9986cd6f37d Downloading [==================================================>]  4.188MB/4.188MB
 2561c1a92c32 Downloading [==============>                                    ]  32.51MB/110MB
 a9986cd6f37d Downloading [==================================================>]  4.188MB/4.188MB
 2561c1a92c32 Downloading [==============>                                    ]  32.51MB/110MB
 a9986cd6f37d Downloading [==================================================>]  4.188MB/4.188MB
 2561c1a92c32 Downloading [==============>                                    ]  32.51MB/110MB
 a9986cd6f37d Downloading [==================================================>]  4.188MB/4.188MB
 2561c1a92c32 Downloading [===============>                                   ]  33.55MB/110MB
 a9986cd6f37d Downloading [==================================================>]  4.188MB/4.188MB
 a9986cd6f37d Downloading [==================================================>]  4.188MB/4.188MB
 2561c1a92c32 Downloading [===============>                                   ]  33.55MB/110MB
 2561c1a92c32 Downloading [===============>                                   ]  33.55MB/110MB
 a9986cd6f37d Downloading [==================================================>]  4.188MB/4.188MB
 2561c1a92c32 Downloading [===============>                                   ]  34.22MB/110MB
 a9986cd6f37d Downloading [==================================================>]  4.188MB/4.188MB
 2561c1a92c32 Downloading [===============>                                   ]   34.6MB/110MB
 a9986cd6f37d Download complete 
 a9986cd6f37d Download complete 
 2561c1a92c32 Downloading [===============>                                   ]   34.6MB/110MB
 2561c1a92c32 Downloading [================>                                  ]  35.65MB/110MB
 2561c1a92c32 Downloading [================>                                  ]  35.65MB/110MB
 2561c1a92c32 Downloading [================>                                  ]   36.7MB/110MB
 2561c1a92c32 Downloading [================>                                  ]   36.7MB/110MB
 2561c1a92c32 Downloading [================>                                  ]   36.7MB/110MB
 2561c1a92c32 Downloading [================>                                  ]   36.7MB/110MB
 2561c1a92c32 Downloading [=================>                                 ]  37.75MB/110MB
 2561c1a92c32 Downloading [=================>                                 ]  37.75MB/110MB
 2561c1a92c32 Downloading [=================>                                 ]  37.75MB/110MB
 2561c1a92c32 Downloading [=================>                                 ]  37.75MB/110MB
 2561c1a92c32 Downloading [=================>                                 ]   38.8MB/110MB
 2561c1a92c32 Downloading [=================>                                 ]   38.8MB/110MB
 2561c1a92c32 Downloading [==================>                                ]  39.85MB/110MB
 2561c1a92c32 Downloading [==================>                                ]  39.85MB/110MB
 2561c1a92c32 Downloading [==================>                                ]  39.85MB/110MB
 2561c1a92c32 Downloading [==================>                                ]  39.85MB/110MB
 2561c1a92c32 Downloading [==================>                                ]  40.89MB/110MB
 2561c1a92c32 Downloading [==================>                                ]  40.89MB/110MB
 2561c1a92c32 Downloading [==================>                                ]  40.89MB/110MB
 2561c1a92c32 Downloading [==================>                                ]  40.89MB/110MB
 2561c1a92c32 Downloading [===================>                               ]  41.94MB/110MB
 2561c1a92c32 Downloading [===================>                               ]  41.94MB/110MB
 2561c1a92c32 Downloading [===================>                               ]  42.99MB/110MB
 2561c1a92c32 Downloading [===================>                               ]  42.99MB/110MB
 2561c1a92c32 Downloading [====================>                              ]  44.04MB/110MB
 2561c1a92c32 Downloading [====================>                              ]  44.04MB/110MB
 2561c1a92c32 Downloading [====================>                              ]  44.04MB/110MB
 2561c1a92c32 Downloading [====================>                              ]  44.04MB/110MB
 2561c1a92c32 Downloading [====================>                              ]  45.09MB/110MB
 2561c1a92c32 Downloading [====================>                              ]  45.09MB/110MB
 2561c1a92c32 Downloading [====================>                              ]  46.14MB/110MB
 2561c1a92c32 Downloading [====================>                              ]  46.14MB/110MB
 2561c1a92c32 Downloading [====================>                              ]  46.14MB/110MB
 2561c1a92c32 Downloading [====================>                              ]  46.14MB/110MB
 2561c1a92c32 Downloading [=====================>                             ]  47.19MB/110MB
 2561c1a92c32 Downloading [=====================>                             ]  47.19MB/110MB
 2561c1a92c32 Downloading [=====================>                             ]  48.23MB/110MB
 2561c1a92c32 Downloading [=====================>                             ]  48.23MB/110MB
 2561c1a92c32 Downloading [=====================>                             ]  48.23MB/110MB
 2561c1a92c32 Downloading [=====================>                             ]  48.23MB/110MB
 2561c1a92c32 Downloading [======================>                            ]  49.28MB/110MB
 2561c1a92c32 Downloading [======================>                            ]  49.28MB/110MB
 2561c1a92c32 Downloading [======================>                            ]  49.28MB/110MB
 2561c1a92c32 Downloading [======================>                            ]  49.28MB/110MB
 2561c1a92c32 Downloading [======================>                            ]  50.33MB/110MB
 2561c1a92c32 Downloading [======================>                            ]  50.33MB/110MB
 2561c1a92c32 Downloading [=======================>                           ]  51.38MB/110MB
 2561c1a92c32 Downloading [=======================>                           ]  51.38MB/110MB
 2561c1a92c32 Downloading [=======================>                           ]  51.38MB/110MB
 2561c1a92c32 Downloading [=======================>                           ]  51.38MB/110MB
 2561c1a92c32 Downloading [=======================>                           ]  52.43MB/110MB
 2561c1a92c32 Downloading [=======================>                           ]  52.43MB/110MB
 2561c1a92c32 Downloading [========================>                          ]  53.48MB/110MB
 2561c1a92c32 Downloading [========================>                          ]  53.48MB/110MB
 2561c1a92c32 Downloading [========================>                          ]  53.48MB/110MB
 2561c1a92c32 Downloading [========================>                          ]  53.48MB/110MB
 2561c1a92c32 Downloading [========================>                          ]  54.53MB/110MB
 2561c1a92c32 Downloading [========================>                          ]  54.53MB/110MB
 2561c1a92c32 Downloading [=========================>                         ]  55.57MB/110MB
 2561c1a92c32 Downloading [=========================>                         ]  55.57MB/110MB
 2561c1a92c32 Downloading [=========================>                         ]  55.57MB/110MB
 2561c1a92c32 Downloading [=========================>                         ]  55.57MB/110MB
 2561c1a92c32 Downloading [=========================>                         ]  56.62MB/110MB
 2561c1a92c32 Downloading [=========================>                         ]  56.62MB/110MB
 2561c1a92c32 Downloading [==========================>                        ]  57.67MB/110MB
 2561c1a92c32 Downloading [==========================>                        ]  57.67MB/110MB
 2561c1a92c32 Downloading [==========================>                        ]  57.67MB/110MB
 2561c1a92c32 Downloading [==========================>                        ]  57.67MB/110MB
 2561c1a92c32 Downloading [==========================>                        ]  58.72MB/110MB
 2561c1a92c32 Downloading [==========================>                        ]  58.72MB/110MB
 2561c1a92c32 Downloading [===========================>                       ]  59.77MB/110MB
 2561c1a92c32 Downloading [===========================>                       ]  59.77MB/110MB
 2561c1a92c32 Downloading [===========================>                       ]  59.77MB/110MB
 2561c1a92c32 Downloading [===========================>                       ]  59.77MB/110MB
 2561c1a92c32 Downloading [===========================>                       ]  60.82MB/110MB
 2561c1a92c32 Downloading [===========================>                       ]  60.82MB/110MB
 2561c1a92c32 Downloading [===========================>                       ]  60.82MB/110MB
 2561c1a92c32 Downloading [===========================>                       ]  60.82MB/110MB
 2561c1a92c32 Downloading [============================>                      ]  61.87MB/110MB
 2561c1a92c32 Downloading [============================>                      ]  61.87MB/110MB
 2561c1a92c32 Downloading [============================>                      ]  62.91MB/110MB
 2561c1a92c32 Downloading [============================>                      ]  62.91MB/110MB
 2561c1a92c32 Downloading [============================>                      ]  62.91MB/110MB
 2561c1a92c32 Downloading [============================>                      ]  62.91MB/110MB
 2561c1a92c32 Downloading [=============================>                     ]  63.96MB/110MB
 2561c1a92c32 Downloading [=============================>                     ]  63.96MB/110MB
 2561c1a92c32 Downloading [=============================>                     ]  65.01MB/110MB
 2561c1a92c32 Downloading [=============================>                     ]  65.01MB/110MB
 2561c1a92c32 Downloading [=============================>                     ]  65.01MB/110MB
 2561c1a92c32 Downloading [=============================>                     ]  65.01MB/110MB
 2561c1a92c32 Downloading [==============================>                    ]  66.06MB/110MB
 2561c1a92c32 Downloading [==============================>                    ]  66.06MB/110MB
 2561c1a92c32 Downloading [==============================>                    ]  67.11MB/110MB
 2561c1a92c32 Downloading [==============================>                    ]  67.11MB/110MB
 2561c1a92c32 Downloading [==============================>                    ]  67.11MB/110MB
 2561c1a92c32 Downloading [==============================>                    ]  67.11MB/110MB
 2561c1a92c32 Downloading [==============================>                    ]  68.16MB/110MB
 2561c1a92c32 Downloading [==============================>                    ]  68.16MB/110MB
 2561c1a92c32 Downloading [==============================>                    ]  68.16MB/110MB
 2561c1a92c32 Downloading [==============================>                    ]  68.16MB/110MB
 2561c1a92c32 Downloading [===============================>                   ]  69.21MB/110MB
 2561c1a92c32 Downloading [===============================>                   ]  69.21MB/110MB
 2561c1a92c32 Downloading [===============================>                   ]  70.25MB/110MB
 2561c1a92c32 Downloading [===============================>                   ]  70.25MB/110MB
 2561c1a92c32 Downloading [================================>                  ]   71.3MB/110MB
 2561c1a92c32 Downloading [================================>                  ]   71.3MB/110MB
 2561c1a92c32 Downloading [================================>                  ]   71.3MB/110MB
 2561c1a92c32 Downloading [================================>                  ]   71.3MB/110MB
 2561c1a92c32 Downloading [================================>                  ]  72.35MB/110MB
 2561c1a92c32 Downloading [================================>                  ]  72.35MB/110MB
 2561c1a92c32 Downloading [=================================>                 ]  72.72MB/110MB
 2561c1a92c32 Downloading [=================================>                 ]   73.4MB/110MB
 2561c1a92c32 Downloading [=================================>                 ]   73.4MB/110MB
 2561c1a92c32 Downloading [=================================>                 ]   73.4MB/110MB
 2561c1a92c32 Downloading [=================================>                 ]  74.45MB/110MB
 2561c1a92c32 Downloading [=================================>                 ]  74.45MB/110MB
 2561c1a92c32 Downloading [=================================>                 ]  74.45MB/110MB
 2561c1a92c32 Downloading [=================================>                 ]  74.45MB/110MB
 2561c1a92c32 Downloading [==================================>                ]   75.5MB/110MB
 2561c1a92c32 Downloading [==================================>                ]   75.5MB/110MB
 2561c1a92c32 Downloading [==================================>                ]  76.55MB/110MB
 2561c1a92c32 Downloading [==================================>                ]  76.55MB/110MB
 2561c1a92c32 Downloading [==================================>                ]  76.55MB/110MB
 2561c1a92c32 Downloading [==================================>                ]  76.55MB/110MB
 2561c1a92c32 Downloading [===================================>               ]  77.59MB/110MB
 2561c1a92c32 Downloading [===================================>               ]  77.59MB/110MB
 2561c1a92c32 Downloading [===================================>               ]  78.64MB/110MB
 2561c1a92c32 Downloading [===================================>               ]  78.64MB/110MB
 2561c1a92c32 Downloading [===================================>               ]  78.64MB/110MB
 2561c1a92c32 Downloading [===================================>               ]  78.64MB/110MB
 2561c1a92c32 Downloading [====================================>              ]  79.69MB/110MB
 2561c1a92c32 Downloading [====================================>              ]  79.69MB/110MB
 2561c1a92c32 Downloading [====================================>              ]  80.67MB/110MB
 2561c1a92c32 Downloading [====================================>              ]  80.74MB/110MB
 2561c1a92c32 Downloading [====================================>              ]  80.74MB/110MB
 2561c1a92c32 Downloading [====================================>              ]  80.74MB/110MB
 2561c1a92c32 Downloading [=====================================>             ]  81.79MB/110MB
 2561c1a92c32 Downloading [=====================================>             ]  81.79MB/110MB
 2561c1a92c32 Downloading [=====================================>             ]  81.79MB/110MB
 2561c1a92c32 Downloading [=====================================>             ]  81.79MB/110MB
 2561c1a92c32 Downloading [=====================================>             ]  82.84MB/110MB
 2561c1a92c32 Downloading [=====================================>             ]  82.84MB/110MB
 2561c1a92c32 Downloading [======================================>            ]  83.89MB/110MB
 2561c1a92c32 Downloading [======================================>            ]  83.89MB/110MB
 2561c1a92c32 Downloading [======================================>            ]  83.89MB/110MB
 2561c1a92c32 Downloading [======================================>            ]  83.89MB/110MB
 2561c1a92c32 Downloading [======================================>            ]  84.93MB/110MB
 2561c1a92c32 Downloading [======================================>            ]  84.93MB/110MB
 2561c1a92c32 Downloading [=======================================>           ]  85.98MB/110MB
 2561c1a92c32 Downloading [=======================================>           ]  85.98MB/110MB
 2561c1a92c32 Downloading [=======================================>           ]  85.98MB/110MB
 2561c1a92c32 Downloading [=======================================>           ]  85.98MB/110MB
 2561c1a92c32 Downloading [=======================================>           ]  87.03MB/110MB
 2561c1a92c32 Downloading [=======================================>           ]  87.03MB/110MB
 2561c1a92c32 Downloading [========================================>          ]  88.08MB/110MB
 2561c1a92c32 Downloading [========================================>          ]  88.08MB/110MB
 2561c1a92c32 Downloading [========================================>          ]  88.08MB/110MB
 2561c1a92c32 Downloading [========================================>          ]  88.08MB/110MB
 2561c1a92c32 Downloading [========================================>          ]  89.13MB/110MB
 2561c1a92c32 Downloading [========================================>          ]  89.13MB/110MB
 2561c1a92c32 Downloading [=========================================>         ]  90.18MB/110MB
 2561c1a92c32 Downloading [=========================================>         ]  90.18MB/110MB
 2561c1a92c32 Downloading [=========================================>         ]  90.18MB/110MB
 2561c1a92c32 Downloading [=========================================>         ]  90.18MB/110MB
 2561c1a92c32 Downloading [=========================================>         ]  91.23MB/110MB
 2561c1a92c32 Downloading [=========================================>         ]  91.23MB/110MB
 2561c1a92c32 Downloading [=========================================>         ]  91.23MB/110MB
 2561c1a92c32 Downloading [=========================================>         ]  91.23MB/110MB
 2561c1a92c32 Downloading [=========================================>         ]  92.27MB/110MB
 2561c1a92c32 Downloading [=========================================>         ]  92.27MB/110MB
 2561c1a92c32 Downloading [==========================================>        ]  93.32MB/110MB
 2561c1a92c32 Downloading [==========================================>        ]  93.32MB/110MB
 2561c1a92c32 Downloading [==========================================>        ]  93.32MB/110MB
 2561c1a92c32 Downloading [==========================================>        ]  93.32MB/110MB
 2561c1a92c32 Downloading [==========================================>        ]  94.37MB/110MB
 2561c1a92c32 Downloading [==========================================>        ]  94.37MB/110MB
 2561c1a92c32 Downloading [===========================================>       ]  95.42MB/110MB
 2561c1a92c32 Downloading [===========================================>       ]  95.42MB/110MB
 2561c1a92c32 Downloading [===========================================>       ]  95.42MB/110MB
 2561c1a92c32 Downloading [===========================================>       ]  95.42MB/110MB
 2561c1a92c32 Downloading [===========================================>       ]  96.47MB/110MB
 2561c1a92c32 Downloading [===========================================>       ]  96.47MB/110MB
 2561c1a92c32 Downloading [============================================>      ]  97.52MB/110MB
 2561c1a92c32 Downloading [============================================>      ]  97.52MB/110MB
 2561c1a92c32 Downloading [============================================>      ]  97.52MB/110MB
 2561c1a92c32 Downloading [============================================>      ]  97.52MB/110MB
 2561c1a92c32 Downloading [============================================>      ]  98.57MB/110MB
 2561c1a92c32 Downloading [============================================>      ]  98.57MB/110MB
 2561c1a92c32 Downloading [============================================>      ]  98.57MB/110MB
 2561c1a92c32 Downloading [============================================>      ]  98.57MB/110MB
 2561c1a92c32 Downloading [=============================================>     ]  99.61MB/110MB
 2561c1a92c32 Downloading [=============================================>     ]  99.61MB/110MB
 2561c1a92c32 Downloading [=============================================>     ]  100.7MB/110MB
 2561c1a92c32 Downloading [=============================================>     ]  100.7MB/110MB
 2561c1a92c32 Downloading [=============================================>     ]  100.7MB/110MB
 2561c1a92c32 Downloading [=============================================>     ]  100.7MB/110MB
 2561c1a92c32 Downloading [==============================================>    ]  101.7MB/110MB
 2561c1a92c32 Downloading [==============================================>    ]  101.7MB/110MB
 2561c1a92c32 Downloading [==============================================>    ]  102.8MB/110MB
 2561c1a92c32 Downloading [==============================================>    ]  102.8MB/110MB
 2561c1a92c32 Downloading [==============================================>    ]  102.8MB/110MB
 2561c1a92c32 Downloading [==============================================>    ]  102.8MB/110MB
 2561c1a92c32 Downloading [===============================================>   ]  103.8MB/110MB
 2561c1a92c32 Downloading [===============================================>   ]  103.8MB/110MB
 2561c1a92c32 Downloading [===============================================>   ]  104.9MB/110MB
 2561c1a92c32 Downloading [===============================================>   ]  104.9MB/110MB
 2561c1a92c32 Downloading [===============================================>   ]  104.9MB/110MB
 2561c1a92c32 Downloading [===============================================>   ]  104.9MB/110MB
 2561c1a92c32 Downloading [================================================>  ]  105.9MB/110MB
 2561c1a92c32 Downloading [================================================>  ]  105.9MB/110MB
 2561c1a92c32 Downloading [================================================>  ]  105.9MB/110MB
 2561c1a92c32 Downloading [================================================>  ]  105.9MB/110MB
 2561c1a92c32 Downloading [================================================>  ]    107MB/110MB
 2561c1a92c32 Downloading [================================================>  ]    107MB/110MB
 2561c1a92c32 Downloading [=================================================> ]    108MB/110MB
 2561c1a92c32 Downloading [=================================================> ]    108MB/110MB
 2561c1a92c32 Downloading [=================================================> ]  109.1MB/110MB
 2561c1a92c32 Downloading [=================================================> ]  109.1MB/110MB
 2561c1a92c32 Downloading [=================================================> ]  109.1MB/110MB
 2561c1a92c32 Downloading [=================================================> ]  109.1MB/110MB
 2561c1a92c32 Downloading [==================================================>]    110MB/110MB
 2561c1a92c32 Downloading [==================================================>]    110MB/110MB
 2561c1a92c32 Downloading [==================================================>]    110MB/110MB
 2561c1a92c32 Downloading [==================================================>]    110MB/110MB
 2561c1a92c32 Downloading [==================================================>]    110MB/110MB
 2561c1a92c32 Downloading [==================================================>]    110MB/110MB
 2561c1a92c32 Downloading [==================================================>]    110MB/110MB
 2561c1a92c32 Downloading [==================================================>]    110MB/110MB
 2561c1a92c32 Download complete 
 2561c1a92c32 Download complete 
 sub Pulled 
 pub Pulled 
 Network pg-walsender-rollback-test_default  Creating
 Network pg-walsender-rollback-test_default  Created
 Container wsrb-pub  Creating
 Container wsrb-pub  Created
 Container wsrb-sub  Creating
 Container wsrb-sub  Created
 Container wsrb-pub  Starting
 Container wsrb-pub  Started
 Container wsrb-pub  Waiting
 Container wsrb-pub  Healthy
 Container wsrb-sub  Starting
 Container wsrb-sub  Started
 Container wsrb-pub  Waiting
 Container wsrb-sub  Waiting
 Container wsrb-pub  Healthy
 Container wsrb-sub  Healthy

=============== 2. Create subscription ===============
NOTICE:  created replication slot "sub_one" on publisher
CREATE SUBSCRIPTION
  walsender is streaming
slot: sub_one plugin=pgoutput active=true
published tables: published_tbl

=============== CYCLE: 0-idle-baseline ===============
  before load : commits=24 rollback=0 wal=28859232 walsenders=1 slot_active=1
  (no load - idle baseline)
  waiting for decoding to catch up...
  after load  : commits=30 rollback=0 wal=28859232 walsenders=1 slot_active=1
    -> rollback moved DURING load by: 0
  >> DISRUPTING subscriber (docker compose stop sub)
     walsender process is gone (pg_stat_replication empty)
  after exit  : commits=38 rollback=0 wal=28859232 walsenders=0 slot_active=0
    -> FLUSH at walsender exit: 0
  restarting subscriber
     walsender streaming again

=============== CYCLE: A-many-tiny-unpub ===============
  before load : commits=43 rollback=0 wal=28859288 walsenders=1 slot_active=1
  running load: pgbench -c 8 -t 25000 -f a-many-tiny-unpub.sql
    number of transactions actually processed: 200000/200000
    latency average = 0.088 ms
    tps = 90823.757860 (without initial connection time)
  waiting for decoding to catch up...
  after load  : commits=200058 rollback=0 wal=66844672 walsenders=1 slot_active=1
    -> rollback moved DURING load by: 0
  >> DISRUPTING subscriber (docker compose stop sub)
     walsender process is gone (pg_stat_replication empty)
  after exit  : commits=200065 rollback=200000 wal=67198400 walsenders=0 slot_active=0
    -> FLUSH at walsender exit: 200000
  restarting subscriber
     walsender streaming again

=============== CYCLE: B-few-huge-unpub ===============
  before load : commits=200074 rollback=200000 wal=67198400 walsenders=1 slot_active=1
  running load: pgbench -c 4 -t 75 -f b-few-huge-unpub.sql
    number of transactions actually processed: 300/300
    latency average = 50.055 ms
    tps = 79.912267 (without initial connection time)
  waiting for decoding to catch up...
  after load  : commits=200385 rollback=200000 wal=580719528 walsenders=1 slot_active=1
    -> rollback moved DURING load by: 0
  >> DISRUPTING subscriber (docker compose stop sub)
     walsender process is gone (pg_stat_replication empty)
  after exit  : commits=200393 rollback=200300 wal=580719584 walsenders=0 slot_active=0
    -> FLUSH at walsender exit: 300
  restarting subscriber
     walsender streaming again

=============== CYCLE: C-many-tiny-pub ===============
  before load : commits=200404 rollback=200300 wal=580719584 walsenders=1 slot_active=1
  running load: pgbench -c 8 -t 5000 -f c-many-tiny-pub.sql
    number of transactions actually processed: 40000/40000
    latency average = 0.112 ms
    tps = 71128.940766 (without initial connection time)
  waiting for decoding to catch up...
  after load  : commits=240420 rollback=200300 wal=588335848 walsenders=1 slot_active=1
    -> rollback moved DURING load by: 0
  >> DISRUPTING subscriber (docker compose stop sub)
     walsender process is gone (pg_stat_replication empty)
  after exit  : commits=240428 rollback=240300 wal=588775496 walsenders=0 slot_active=0
    -> FLUSH at walsender exit: 40000
  restarting subscriber
     walsender streaming again

=============== CYCLE: D-readonly-only ===============
  before load : commits=240433 rollback=240300 wal=589021184 walsenders=1 slot_active=1
  running load: pgbench -c 8 -t 25000 -f d-readonly.sql
    number of transactions actually processed: 200000/200000
    latency average = 0.110 ms
    tps = 72500.438628 (without initial connection time)
  waiting for decoding to catch up...
  after load  : commits=440448 rollback=240300 wal=589733888 walsenders=1 slot_active=1
    -> rollback moved DURING load by: 0
  >> DISRUPTING subscriber (docker compose stop sub)
     walsender process is gone (pg_stat_replication empty)
  after exit  : commits=440467 rollback=240302 wal=591416400 walsenders=0 slot_active=0
    -> FLUSH at walsender exit: 2
  restarting subscriber
     walsender streaming again

=============== CYCLE: E-repeat-idle ===============
  before load : commits=440472 rollback=240302 wal=591416400 walsenders=1 slot_active=1
  (no load - idle baseline)
  waiting for decoding to catch up...
  after load  : commits=440478 rollback=240302 wal=591416400 walsenders=1 slot_active=1
    -> rollback moved DURING load by: 0
  >> DISRUPTING subscriber (docker compose stop sub)
     walsender process is gone (pg_stat_replication empty)
  after exit  : commits=440486 rollback=240303 wal=591416400 walsenders=0 slot_active=0
    -> FLUSH at walsender exit: 1
  restarting subscriber
     walsender streaming again

=============== RESULTS ===============
phase              clients  txns    commits_during_load  wal_MB_during_load  rollback_during_load  FLUSH_at_walsender_exit  bytes_per_count  commits_per_count
0-idle-baseline    0        0       6                    0.0                 0                     0                        n/a              n/a
A-many-tiny-unpub  8        200000  200015               36.2                0                     200000                   189.9            1.000
B-few-huge-unpub   4        300     311                  489.7               0                     300                      1711737.1        1.037
C-many-tiny-pub    8        40000   40016                7.3                 0                     40000                    190.4            1.000
D-readonly-only    8        200000  200015               0.7                 0                     2                        356352.0         100007.500
E-repeat-idle      0        0       6                    0.0                 0                     1                        0.0              6.000

publisher log around the disruptions:
wsrb-pub  | 2026-09-22 09:19:30.986 UTC [553] LOG:  disconnection: session time: 0:00:00.001 user=postgres database=appdb host=[local]
wsrb-pub  | 2026-09-22 09:19:31.410 UTC [560] LOG:  disconnection: session time: 0:00:00.007 user=postgres database=appdb host=[local]
wsrb-pub  | 2026-09-22 09:19:32.424 UTC [561] LOG:  received replication command: START_REPLICATION SLOT "sub_one" LOGICAL 0/23114AE8 (proto_version '4', origin 'any', publication_names '"pub_one"')
wsrb-pub  | 2026-09-22 09:19:32.424 UTC [561] STATEMENT:  START_REPLICATION SLOT "sub_one" LOGICAL 0/23114AE8 (proto_version '4', origin 'any', publication_names '"pub_one"')
wsrb-pub  | 2026-09-22 09:19:32.424 UTC [561] STATEMENT:  START_REPLICATION SLOT "sub_one" LOGICAL 0/23114AE8 (proto_version '4', origin 'any', publication_names '"pub_one"')
wsrb-pub  | 2026-09-22 09:19:32.424 UTC [561] STATEMENT:  START_REPLICATION SLOT "sub_one" LOGICAL 0/23114AE8 (proto_version '4', origin 'any', publication_names '"pub_one"')
wsrb-pub  | 2026-09-22 09:19:32.424 UTC [561] LOG:  starting logical decoding for slot "sub_one"
wsrb-pub  | 2026-09-22 09:19:32.424 UTC [561] STATEMENT:  START_REPLICATION SLOT "sub_one" LOGICAL 0/23114AE8 (proto_version '4', origin 'any', publication_names '"pub_one"')
wsrb-pub  | 2026-09-22 09:19:32.424 UTC [561] LOG:  logical decoding found consistent point at 0/23211108
wsrb-pub  | 2026-09-22 09:19:32.424 UTC [561] STATEMENT:  START_REPLICATION SLOT "sub_one" LOGICAL 0/23114AE8 (proto_version '4', origin 'any', publication_names '"pub_one"')
wsrb-pub  | 2026-09-22 09:19:32.652 UTC [568] LOG:  disconnection: session time: 0:00:00.003 user=postgres database=appdb host=[local]
wsrb-pub  | 2026-09-22 09:19:32.787 UTC [575] LOG:  disconnection: session time: 0:00:00.005 user=postgres database=appdb host=[local]
wsrb-pub  | 2026-09-22 09:19:33.017 UTC [582] LOG:  disconnection: session time: 0:00:00.001 user=postgres database=appdb host=[local]
wsrb-pub  | 2026-09-22 09:19:35.098 UTC [589] LOG:  disconnection: session time: 0:00:00.003 user=postgres database=appdb host=[local]
wsrb-pub  | 2026-09-22 09:19:36.047 UTC [596] LOG:  disconnection: session time: 0:00:00.007 user=postgres database=appdb host=[local]
wsrb-pub  | 2026-09-22 09:19:36.193 UTC [603] LOG:  disconnection: session time: 0:00:00.006 user=postgres database=appdb host=[local]
wsrb-pub  | 2026-09-22 09:19:36.319 UTC [561] LOG:  disconnection: session time: 0:00:03.901 user=postgres database=appdb host=172.26.0.3 port=44330
wsrb-pub  | 2026-09-22 09:19:36.622 UTC [610] LOG:  disconnection: session time: 0:00:00.003 user=postgres database=appdb host=[local]
wsrb-pub  | 2026-09-22 09:19:37.155 UTC [617] LOG:  disconnection: session time: 0:00:00.001 user=postgres database=appdb host=[local]
wsrb-pub  | 2026-09-22 09:19:39.226 UTC [624] LOG:  disconnection: session time: 0:00:00.002 user=postgres database=appdb host=[local]
wsrb-pub  | 2026-09-22 09:19:39.865 UTC [631] LOG:  disconnection: session time: 0:00:00.005 user=postgres database=appdb host=[local]
wsrb-pub  | 2026-09-22 09:19:40.816 UTC [633] LOG:  received replication command: START_REPLICATION SLOT "sub_one" LOGICAL 0/23114AE8 (proto_version '4', origin 'any', publication_names '"pub_one"')
wsrb-pub  | 2026-09-22 09:19:40.816 UTC [633] STATEMENT:  START_REPLICATION SLOT "sub_one" LOGICAL 0/23114AE8 (proto_version '4', origin 'any', publication_names '"pub_one"')
wsrb-pub  | 2026-09-22 09:19:40.816 UTC [633] STATEMENT:  START_REPLICATION SLOT "sub_one" LOGICAL 0/23114AE8 (proto_version '4', origin 'any', publication_names '"pub_one"')
wsrb-pub  | 2026-09-22 09:19:40.816 UTC [633] STATEMENT:  START_REPLICATION SLOT "sub_one" LOGICAL 0/23114AE8 (proto_version '4', origin 'any', publication_names '"pub_one"')
wsrb-pub  | 2026-09-22 09:19:40.816 UTC [633] LOG:  starting logical decoding for slot "sub_one"
wsrb-pub  | 2026-09-22 09:19:40.816 UTC [633] STATEMENT:  START_REPLICATION SLOT "sub_one" LOGICAL 0/23114AE8 (proto_version '4', origin 'any', publication_names '"pub_one"')
wsrb-pub  | 2026-09-22 09:19:40.816 UTC [633] LOG:  logical decoding found consistent point at 0/23211108
wsrb-pub  | 2026-09-22 09:19:40.816 UTC [633] STATEMENT:  START_REPLICATION SLOT "sub_one" LOGICAL 0/23114AE8 (proto_version '4', origin 'any', publication_names '"pub_one"')
wsrb-pub  | 2026-09-22 09:19:41.077 UTC [640] LOG:  disconnection: session time: 0:00:00.004 user=postgres database=appdb host=[local]
